date,player,team,opp,market,line,proj_lambda,p_over,side,ev,chosen_prob,source,team_norm,player_norm
2026-02-07,Liam O'Brien,UTA,,BLOCKS,3.5,0.0508,4e-06,Under,,0.999996,nolines,UTA,liam o'brien
2026-02-07,Drew O'Connor,VAN,,BLOCKS,3.5,0.0519,4e-06,Under,,0.999996,nolines,VAN,drew o'connor
2026-02-07,Nazem Kadri,CGY,,BLOCKS,3.5,0.0577,6e-06,Under,,0.999994,nolines,CGY,nazem kadri
2026-02-07,Ryan Donato,CHI,,BLOCKS,3.5,0.0567,7e-06,Under,,0.999993,nolines,CHI,ryan donato
2026-02-07,Pavol Regenda,SJS,,BLOCKS,3.5,0.0596,8e-06,Under,,0.999992,nolines,SJS,pavol regenda
2026-02-07,Ryan Nugent-Hopkins,EDM,,BLOCKS,3.5,0.0617,8e-06,Under,,0.999992,nolines,EDM,ryan nugent-hopkins
2026-02-07,Yanni Gourde,TBL,,BLOCKS,3.5,0.0636,9e-06,Under,,0.999991,nolines,TBL,yanni gourde
2026-02-07,Taylor Ward,LAK,,BLOCKS,3.5,0.0739,1.7e-05,Under,,0.999983,nolines,LAK,taylor ward
2026-02-07,Sebastian Aho,CAR,,BLOCKS,3.5,0.0847,2.8e-05,Under,,0.999972,nolines,CAR,sebastian aho
2026-02-07,Jordan Kyrou,STL,,BLOCKS,3.5,0.0877,3.2e-05,Under,,0.999968,nolines,STL,jordan kyrou
2026-02-07,Alex Ovechkin,WSH,,BLOCKS,3.5,0.0921,3.7e-05,Under,,0.999963,nolines,WSH,alex ovechkin
2026-02-07,Sonny Milano,WSH,,BLOCKS,3.5,0.0921,3.7e-05,Under,,0.999963,nolines,WSH,sonny milano
2026-02-07,Donovan Sebrango,FLA,,BLOCKS,3.5,0.0967,4.5e-05,Under,,0.999955,nolines,FLA,donovan sebrango
2026-02-07,Cole Schwindt,FLA,,BLOCKS,3.5,0.0967,4.5e-05,Under,,0.999955,nolines,FLA,cole schwindt
2026-02-07,Zayne Parekh,CGY,,BLOCKS,3.5,0.0971,4.5e-05,Under,,0.999955,nolines,CGY,zayne parekh
2026-02-07,Beckett Sennecke,ANA,,BLOCKS,3.5,0.0993,4.9e-05,Under,,0.999951,nolines,ANA,beckett sennecke
2026-02-07,Chris Kreider,ANA,,BLOCKS,3.5,0.0993,4.9e-05,Under,,0.999951,nolines,ANA,chris kreider
2026-02-07,Pavel Dorofeyev,VGK,,BLOCKS,3.5,0.1015,5.5e-05,Under,,0.999945,nolines,VGK,pavel dorofeyev
2026-02-07,Cole Reinhardt,VGK,,BLOCKS,3.5,0.1015,5.5e-05,Under,,0.999945,nolines,VGK,cole reinhardt
2026-02-07,Tyler Seguin,DAL,,BLOCKS,3.5,0.103,6e-05,Under,,0.99994,nolines,DAL,tyler seguin
2026-02-07,Jack Quinn,BUF,,BLOCKS,3.5,0.1051,6.1e-05,Under,,0.999939,nolines,BUF,jack quinn
2026-02-07,Nikita Grebenkin,PHI,,BLOCKS,3.5,0.1126,7.3e-05,Under,,0.999927,nolines,PHI,nikita grebenkin
2026-02-07,Jonathan Marchessault,NSH,,BLOCKS,3.5,0.1134,7.9e-05,Under,,0.999921,nolines,NSH,jonathan marchessault
2026-02-07,Steven Stamkos,NSH,,BLOCKS,3.5,0.1134,7.9e-05,Under,,0.999921,nolines,NSH,steven stamkos
2026-02-07,Luke Evangelista,NSH,,BLOCKS,3.5,0.1134,7.9e-05,Under,,0.999921,nolines,NSH,luke evangelista
2026-02-07,Emmitt Finnie,DET,,BLOCKS,3.5,0.1123,8.1e-05,Under,,0.999919,nolines,DET,emmitt finnie
2026-02-07,Dylan Larkin,DET,,BLOCKS,3.5,0.1149,8.8e-05,Under,,0.999912,nolines,DET,dylan larkin
2026-02-07,Artturi Lehkonen,COL,,BLOCKS,3.5,0.117,8.9e-05,Under,,0.999911,nolines,COL,artturi lehkonen
2026-02-07,Gavin Brindley,COL,,BLOCKS,3.5,0.1189,9.4e-05,Under,,0.999906,nolines,COL,gavin brindley
2026-02-07,Liam O'Brien,UTA,,BLOCKS,2.5,0.0508,9.5e-05,Under,,0.999905,nolines,UTA,liam o'brien
2026-02-07,Sam Lafferty,CHI,,BLOCKS,3.5,0.1183,0.0001,Under,,0.9999,nolines,CHI,sam lafferty
2026-02-07,Drew O'Connor,VAN,,BLOCKS,2.5,0.0519,0.000101,Under,,0.999899,nolines,VAN,drew o'connor
2026-02-07,Eric Robinson,CAR,,BLOCKS,3.5,0.1229,0.000108,Under,,0.999892,nolines,CAR,eric robinson
2026-02-07,Teuvo Teravainen,CHI,,BLOCKS,3.5,0.1227,0.000114,Under,,0.999886,nolines,CHI,teuvo teravainen
2026-02-07,Kurtis MacDermid,OTT,,BLOCKS,3.5,0.1285,0.000126,Under,,0.999874,nolines,OTT,kurtis macdermid
2026-02-07,Dylan Cozens,OTT,,BLOCKS,3.5,0.1285,0.000126,Under,,0.999874,nolines,OTT,dylan cozens
2026-02-07,Drake Batherson,OTT,,BLOCKS,3.5,0.1285,0.000126,Under,,0.999874,nolines,OTT,drake batherson
2026-02-07,Ryan Donato,CHI,,BLOCKS,2.5,0.0567,0.000133,Under,,0.999867,nolines,CHI,ryan donato
2026-02-07,Nazem Kadri,CGY,,BLOCKS,2.5,0.0577,0.000134,Under,,0.999866,nolines,CGY,nazem kadri
2026-02-07,Pavol Regenda,SJS,,BLOCKS,2.5,0.0596,0.000153,Under,,0.999847,nolines,SJS,pavol regenda
2026-02-07,Oliver Bjorkstrand,TBL,,BLOCKS,3.5,0.1357,0.000155,Under,,0.999845,nolines,TBL,oliver bjorkstrand
2026-02-07,Curtis Douglas,TBL,,BLOCKS,3.5,0.1371,0.000161,Under,,0.999839,nolines,TBL,curtis douglas
2026-02-07,Ryan Nugent-Hopkins,EDM,,BLOCKS,2.5,0.0617,0.000163,Under,,0.999837,nolines,EDM,ryan nugent-hopkins
2026-02-07,Calle Jarnkrok,TOR,,BLOCKS,3.5,0.1415,0.000174,Under,,0.999826,nolines,TOR,calle jarnkrok
2026-02-07,Yanni Gourde,TBL,,BLOCKS,2.5,0.0636,0.000178,Under,,0.999822,nolines,TBL,yanni gourde
2026-02-07,Anthony Mantha,PIT,,BLOCKS,3.5,0.1433,0.00018,Under,,0.99982,nolines,PIT,anthony mantha
2026-02-07,Yan Kuznetsov,CGY,,BLOCKS,3.5,0.1444,0.00019,Under,,0.99981,nolines,CGY,yan kuznetsov
2026-02-07,Jesperi Kotkaniemi,CAR,,BLOCKS,3.5,0.1444,0.000193,Under,,0.999807,nolines,CAR,jesperi kotkaniemi
2026-02-07,Andrei Svechnikov,CAR,,BLOCKS,3.5,0.1444,0.000193,Under,,0.999807,nolines,CAR,andrei svechnikov
2026-02-07,Maxim Tsyplakov,NJD,,BLOCKS,3.5,0.1528,0.000225,Under,,0.999775,nolines,NJD,maxim tsyplakov
2026-02-07,Taylor Ward,LAK,,BLOCKS,2.5,0.0739,0.000278,Under,,0.999722,nolines,LAK,taylor ward
2026-02-07,Nicholas Robertson,TOR,,BLOCKS,3.5,0.1636,0.00029,Under,,0.99971,nolines,TOR,nicholas robertson
2026-02-07,Matt Duchene,DAL,,BLOCKS,3.5,0.1636,0.000311,Under,,0.999689,nolines,DAL,matt duchene
2026-02-07,Jason Robertson,DAL,,BLOCKS,3.5,0.1636,0.000311,Under,,0.999689,nolines,DAL,jason robertson
2026-02-07,Matthew Robertson,NYR,,BLOCKS,3.5,0.1636,0.000316,Under,,0.999684,nolines,NYR,matthew robertson
2026-02-07,Braeden Bowman,VGK,,BLOCKS,3.5,0.1663,0.000325,Under,,0.999675,nolines,VGK,braeden bowman
2026-02-07,Martin Pospisil,CGY,,BLOCKS,3.5,0.1707,0.000342,Under,,0.999658,nolines,CGY,martin pospisil
2026-02-07,Matt Coronato,CGY,,BLOCKS,3.5,0.1707,0.000342,Under,,0.999658,nolines,CGY,matt coronato
2026-02-07,Brandon Saad,VGK,,BLOCKS,3.5,0.1689,0.000343,Under,,0.999657,nolines,VGK,brandon saad
2026-02-07,Jonas Rondbjerg,VGK,,BLOCKS,3.5,0.1689,0.000343,Under,,0.999657,nolines,VGK,jonas rondbjerg
2026-02-07,Samuel Honzek,CGY,,BLOCKS,3.5,0.171,0.000344,Under,,0.999656,nolines,CGY,samuel honzek
2026-02-07,Ryan McLeod,BUF,,BLOCKS,3.5,0.1721,0.000354,Under,,0.999646,nolines,BUF,ryan mcleod
2026-02-07,Sam Colangelo,ANA,,BLOCKS,3.5,0.1744,0.000371,Under,,0.999629,nolines,ANA,sam colangelo
2026-02-07,Leo Carlsson,ANA,,BLOCKS,3.5,0.1744,0.000371,Under,,0.999629,nolines,ANA,leo carlsson
2026-02-07,Matt Boldy,MIN,,BLOCKS,3.5,0.1774,0.000375,Under,,0.999625,nolines,MIN,matt boldy
2026-02-07,Joel Eriksson Ek,MIN,,BLOCKS,3.5,0.1774,0.000375,Under,,0.999625,nolines,MIN,joel eriksson ek
2026-02-07,Kirill Kaprizov,MIN,,BLOCKS,3.5,0.1774,0.000375,Under,,0.999625,nolines,MIN,kirill kaprizov
2026-02-07,Marcus Johansson,MIN,,BLOCKS,3.5,0.1774,0.000375,Under,,0.999625,nolines,MIN,marcus johansson
2026-02-07,Mason Appleton,DET,,BLOCKS,3.5,0.1731,0.000379,Under,,0.999621,nolines,DET,mason appleton
2026-02-07,Nathan Bastian,DAL,,BLOCKS,3.5,0.1741,0.000386,Under,,0.999614,nolines,DAL,nathan bastian
2026-02-07,Sebastian Aho,CAR,,BLOCKS,2.5,0.0847,0.000395,Under,,0.999605,nolines,CAR,sebastian aho
2026-02-07,Sandis Vilmanis,FLA,,BLOCKS,3.5,0.177,0.000396,Under,,0.999604,nolines,FLA,sandis vilmanis
2026-02-07,Carter Verhaeghe,FLA,,BLOCKS,3.5,0.177,0.000396,Under,,0.999604,nolines,FLA,carter verhaeghe
2026-02-07,Albert Johansson,DET,,BLOCKS,3.5,0.1774,0.000413,Under,,0.999587,nolines,DET,albert johansson
2026-02-07,Jordan Kyrou,STL,,BLOCKS,2.5,0.0877,0.000442,Under,,0.999558,nolines,STL,jordan kyrou
2026-02-07,J.T. Compher,DET,,BLOCKS,3.5,0.1815,0.000447,Under,,0.999553,nolines,DET,j.t. compher
2026-02-07,Ross Colton,COL,,BLOCKS,3.5,0.1892,0.000491,Under,,0.999509,nolines,COL,ross colton
2026-02-07,Zakhar Bardakov,COL,,BLOCKS,3.5,0.1892,0.000491,Under,,0.999509,nolines,COL,zakhar bardakov
2026-02-07,Alex Ovechkin,WSH,,BLOCKS,2.5,0.0921,0.000493,Under,,0.999507,nolines,WSH,alex ovechkin
2026-02-07,Sonny Milano,WSH,,BLOCKS,2.5,0.0921,0.000493,Under,,0.999507,nolines,WSH,sonny milano
2026-02-07,Nils Hoglander,VAN,,BLOCKS,3.5,0.1899,0.000509,Under,,0.999491,nolines,VAN,nils hoglander
2026-02-07,Nils Aman,VAN,,BLOCKS,3.5,0.1899,0.000509,Under,,0.999491,nolines,VAN,nils aman
2026-02-07,Jeff Skinner,SJS,,BLOCKS,3.5,0.1878,0.00051,Under,,0.99949,nolines,SJS,jeff skinner
2026-02-07,Tye Kartye,SEA,,BLOCKS,3.5,0.1932,0.000529,Under,,0.999471,nolines,SEA,tye kartye
2026-02-07,Kyle Palmieri,NYI,,BLOCKS,3.5,0.1966,0.000545,Under,,0.999455,nolines,NYI,kyle palmieri
2026-02-07,Alex Killorn,ANA,,BLOCKS,3.5,0.1967,0.000562,Under,,0.999438,nolines,ANA,alex killorn
2026-02-07,Zayne Parekh,CGY,,BLOCKS,2.5,0.0971,0.000579,Under,,0.999421,nolines,CGY,zayne parekh
2026-02-07,Cole Schwindt,FLA,,BLOCKS,2.5,0.0967,0.00058,Under,,0.99942,nolines,FLA,cole schwindt
2026-02-07,Donovan Sebrango,FLA,,BLOCKS,2.5,0.0967,0.00058,Under,,0.99942,nolines,FLA,donovan sebrango
2026-02-07,Brock Boeser,VAN,,BLOCKS,3.5,0.1992,0.0006,Under,,0.9994,nolines,VAN,brock boeser
2026-02-07,Aatu Raty,VAN,,BLOCKS,3.5,0.1992,0.0006,Under,,0.9994,nolines,VAN,aatu raty
2026-02-07,Jake DeBrusk,VAN,,BLOCKS,3.5,0.1992,0.0006,Under,,0.9994,nolines,VAN,jake debrusk
2026-02-07,Cole Koepke,WPG,,BLOCKS,3.5,0.1992,0.000602,Under,,0.999398,nolines,WPG,cole koepke
2026-02-07,Chris Kreider,ANA,,BLOCKS,2.5,0.0993,0.000616,Under,,0.999384,nolines,ANA,chris kreider
2026-02-07,Beckett Sennecke,ANA,,BLOCKS,2.5,0.0993,0.000616,Under,,0.999384,nolines,ANA,beckett sennecke
2026-02-07,Ivan Demidov,MTL,,BLOCKS,3.5,0.2012,0.000645,Under,,0.999355,nolines,MTL,ivan demidov
2026-02-07,Jack Eichel,VGK,,BLOCKS,3.5,0.2034,0.000653,Under,,0.999347,nolines,VGK,jack eichel
2026-02-07,Cole Reinhardt,VGK,,BLOCKS,2.5,0.1015,0.000677,Under,,0.999323,nolines,VGK,cole reinhardt
2026-02-07,Pavel Dorofeyev,VGK,,BLOCKS,2.5,0.1015,0.000677,Under,,0.999323,nolines,VGK,pavel dorofeyev
2026-02-07,Tyler Seguin,DAL,,BLOCKS,2.5,0.103,0.000694,Under,,0.999306,nolines,DAL,tyler seguin
2026-02-07,Connor Bedard,CHI,,BLOCKS,3.5,0.2062,0.000699,Under,,0.999301,nolines,CHI,connor bedard
2026-02-07,Jack Quinn,BUF,,BLOCKS,2.5,0.1051,0.000716,Under,,0.999284,nolines,BUF,jack quinn
2026-02-07,Jack Drury,COL,,BLOCKS,3.5,0.2117,0.000721,Under,,0.999279,nolines,COL,jack drury
2026-02-07,Mikey Anderson,LAK,,BLOCKS,3.5,0.2111,0.000739,Under,,0.999261,nolines,LAK,mikey anderson
2026-02-07,Joe Veleno,MTL,,BLOCKS,3.5,0.2111,0.000758,Under,,0.999242,nolines,MTL,joe veleno
2026-02-07,Alex Newhook,MTL,,BLOCKS,3.5,0.2111,0.000758,Under,,0.999242,nolines,MTL,alex newhook
2026-02-07,Josh Anderson,MTL,,BLOCKS,3.5,0.2111,0.000758,Under,,0.999242,nolines,MTL,josh anderson
2026-02-07,Cole Caufield,MTL,,BLOCKS,3.5,0.2111,0.000758,Under,,0.999242,nolines,MTL,cole caufield
2026-02-07,Jayden Struble,MTL,,BLOCKS,3.5,0.2111,0.000758,Under,,0.999242,nolines,MTL,jayden struble
2026-02-07,Jack Roslovic,EDM,,BLOCKS,3.5,0.2178,0.000792,Under,,0.999208,nolines,EDM,jack roslovic
2026-02-07,Trent Frederic,EDM,,BLOCKS,3.5,0.2178,0.000792,Under,,0.999208,nolines,EDM,trent frederic
2026-02-07,Mattias Janmark,EDM,,BLOCKS,3.5,0.2178,0.000792,Under,,0.999208,nolines,EDM,mattias janmark
2026-02-07,Nikita Grebenkin,PHI,,BLOCKS,2.5,0.1126,0.000838,Under,,0.999162,nolines,PHI,nikita grebenkin
2026-02-07,Ilya Mikheyev,CHI,,BLOCKS,3.5,0.2176,0.000838,Under,,0.999162,nolines,CHI,ilya mikheyev
2026-02-07,Tommy Novak,PIT,,BLOCKS,3.5,0.2246,0.000855,Under,,0.999145,nolines,PIT,tommy novak
2026-02-07,Sidney Crosby,PIT,,BLOCKS,3.5,0.2246,0.000855,Under,,0.999145,nolines,PIT,sidney crosby
2026-02-07,Luke Evangelista,NSH,,BLOCKS,2.5,0.1134,0.000885,Under,,0.999115,nolines,NSH,luke evangelista
2026-02-07,Jonathan Marchessault,NSH,,BLOCKS,2.5,0.1134,0.000885,Under,,0.999115,nolines,NSH,jonathan marchessault
2026-02-07,Steven Stamkos,NSH,,BLOCKS,2.5,0.1134,0.000885,Under,,0.999115,nolines,NSH,steven stamkos
2026-02-07,Emmitt Finnie,DET,,BLOCKS,2.5,0.1123,0.00089,Under,,0.99911,nolines,DET,emmitt finnie
2026-02-07,Isac Lundeström,CBJ,,BLOCKS,3.5,0.2254,0.000928,Under,,0.999072,nolines,CBJ,isac lundeström
2026-02-07,Kyle Connor,WPG,,BLOCKS,3.5,0.227,0.000935,Under,,0.999065,nolines,WPG,kyle connor
2026-02-07,Dylan Larkin,DET,,BLOCKS,2.5,0.1149,0.000946,Under,,0.999054,nolines,DET,dylan larkin
2026-02-07,Artturi Lehkonen,COL,,BLOCKS,2.5,0.117,0.000971,Under,,0.999029,nolines,COL,artturi lehkonen
2026-02-07,Dominic James,TBL,,BLOCKS,3.5,0.2332,0.001007,Under,,0.998993,nolines,TBL,dominic james
2026-02-07,Gage Goncalves,TBL,,BLOCKS,3.5,0.2332,0.001007,Under,,0.998993,nolines,TBL,gage goncalves
2026-02-07,Gavin Brindley,COL,,BLOCKS,2.5,0.1189,0.001015,Under,,0.998985,nolines,COL,gavin brindley
2026-02-07,Brad Marchand,FLA,,BLOCKS,3.5,0.2338,0.001019,Under,,0.998981,nolines,FLA,brad marchand
2026-02-07,Sam Lafferty,CHI,,BLOCKS,2.5,0.1183,0.001033,Under,,0.998967,nolines,CHI,sam lafferty
2026-02-07,Jamie Benn,DAL,,BLOCKS,3.5,0.2338,0.001044,Under,,0.998956,nolines,DAL,jamie benn
2026-02-07,Wyatt Kaiser,CHI,,BLOCKS,3.5,0.2327,0.001046,Under,,0.998954,nolines,CHI,wyatt kaiser
2026-02-07,Adrian Kempe,LAK,,BLOCKS,3.5,0.2353,0.001063,Under,,0.998937,nolines,LAK,adrian kempe
2026-02-07,Warren Foegele,LAK,,BLOCKS,3.5,0.2353,0.001063,Under,,0.998937,nolines,LAK,warren foegele
2026-02-07,Sam Carrick,NYR,,BLOCKS,3.5,0.2339,0.001064,Under,,0.998936,nolines,NYR,sam carrick
2026-02-07,Lucas Raymond,DET,,BLOCKS,3.5,0.2355,0.001076,Under,,0.998924,nolines,DET,lucas raymond
2026-02-07,Dawson Mercer,NJD,,BLOCKS,3.5,0.2421,0.001088,Under,,0.998912,nolines,NJD,dawson mercer
2026-02-07,Paul Cotter,NJD,,BLOCKS,3.5,0.2421,0.001088,Under,,0.998912,nolines,NJD,paul cotter
2026-02-07,Eric Robinson,CAR,,BLOCKS,2.5,0.1229,0.001099,Under,,0.998901,nolines,CAR,eric robinson
2026-02-07,Teuvo Teravainen,CHI,,BLOCKS,2.5,0.1227,0.00114,Under,,0.99886,nolines,CHI,teuvo teravainen
2026-02-07,David Perron,OTT,,BLOCKS,3.5,0.2432,0.001157,Under,,0.998843,nolines,OTT,david perron
2026-02-07,Mats Zuccarello,MIN,,BLOCKS,3.5,0.2492,0.001191,Under,,0.998809,nolines,MIN,mats zuccarello
2026-02-07,Pierre-Luc Dubois,WSH,,BLOCKS,3.5,0.2472,0.001193,Under,,0.998807,nolines,WSH,pierre-luc dubois
2026-02-07,Hendrix Lapierre,WSH,,BLOCKS,3.5,0.2472,0.001193,Under,,0.998807,nolines,WSH,hendrix lapierre
2026-02-07,Kurtis MacDermid,OTT,,BLOCKS,2.5,0.1285,0.001253,Under,,0.998747,nolines,OTT,kurtis macdermid
2026-02-07,Drake Batherson,OTT,,BLOCKS,2.5,0.1285,0.001253,Under,,0.998747,nolines,OTT,drake batherson
2026-02-07,Dylan Cozens,OTT,,BLOCKS,2.5,0.1285,0.001253,Under,,0.998747,nolines,OTT,dylan cozens
2026-02-07,Elmer Soderblom,DET,,BLOCKS,3.5,0.2481,0.001277,Under,,0.998723,nolines,DET,elmer soderblom
2026-02-07,Oskar Bäck,DAL,,BLOCKS,3.5,0.2496,0.001293,Under,,0.998707,nolines,DAL,oskar bäck
2026-02-07,Oliver Bjorkstrand,TBL,,BLOCKS,2.5,0.1357,0.001451,Under,,0.998549,nolines,TBL,oliver bjorkstrand
2026-02-07,Brett Howden,VGK,,BLOCKS,3.5,0.2598,0.001478,Under,,0.998522,nolines,VGK,brett howden
2026-02-07,Keegan Kolesar,VGK,,BLOCKS,3.5,0.2598,0.001478,Under,,0.998522,nolines,VGK,keegan kolesar
2026-02-07,Leon Draisaitl,EDM,,BLOCKS,3.5,0.2628,0.001481,Under,,0.998519,nolines,EDM,leon draisaitl
2026-02-07,Curtis Douglas,TBL,,BLOCKS,2.5,0.1371,0.00149,Under,,0.99851,nolines,TBL,curtis douglas
2026-02-07,Philipp Kurashev,SJS,,BLOCKS,3.5,0.2598,0.001505,Under,,0.998495,nolines,SJS,philipp kurashev
2026-02-07,Dalibor Dvorsky,STL,,BLOCKS,3.5,0.265,0.001538,Under,,0.998462,nolines,STL,dalibor dvorsky
2026-02-07,Jackson Blake,CAR,,BLOCKS,3.5,0.2675,0.001557,Under,,0.998443,nolines,CAR,jackson blake
2026-02-07,Calle Jarnkrok,TOR,,BLOCKS,2.5,0.1415,0.001583,Under,,0.998417,nolines,TOR,calle jarnkrok
2026-02-07,Filip Chytil,VAN,,BLOCKS,3.5,0.2669,0.001589,Under,,0.998411,nolines,VAN,filip chytil
2026-02-07,Dmitri Voronkov,CBJ,,BLOCKS,3.5,0.2656,0.001592,Under,,0.998408,nolines,CBJ,dmitri voronkov
2026-02-07,Will Cuylle,NYR,,BLOCKS,3.5,0.2653,0.001605,Under,,0.998395,nolines,NYR,will cuylle
2026-02-07,Anthony Mantha,PIT,,BLOCKS,2.5,0.1433,0.001639,Under,,0.998361,nolines,PIT,anthony mantha
2026-02-07,Fraser Minten,BOS,,BLOCKS,3.5,0.2715,0.001659,Under,,0.998341,nolines,BOS,fraser minten
2026-02-07,Darren Raddysh,TBL,,BLOCKS,3.5,0.2733,0.001692,Under,,0.998308,nolines,TBL,darren raddysh
2026-02-07,Andrei Svechnikov,CAR,,BLOCKS,2.5,0.1444,0.001693,Under,,0.998307,nolines,CAR,andrei svechnikov
2026-02-07,Jesperi Kotkaniemi,CAR,,BLOCKS,2.5,0.1444,0.001693,Under,,0.998307,nolines,CAR,jesperi kotkaniemi
2026-02-07,Yan Kuznetsov,CGY,,BLOCKS,2.5,0.1444,0.001706,Under,,0.998294,nolines,CGY,yan kuznetsov
2026-02-07,A.J. Greer,FLA,,BLOCKS,3.5,0.2736,0.001707,Under,,0.998293,nolines,FLA,a.j. greer
2026-02-07,Tyson Kozak,BUF,,BLOCKS,3.5,0.2779,0.001757,Under,,0.998243,nolines,BUF,tyson kozak
2026-02-07,Gabe Perreault,NYR,,BLOCKS,3.5,0.2733,0.001764,Under,,0.998236,nolines,NYR,gabe perreault
2026-02-07,Taylor Raddysh,NYR,,BLOCKS,3.5,0.2733,0.001764,Under,,0.998236,nolines,NYR,taylor raddysh
2026-02-07,Simon Holmstrom,NYI,,BLOCKS,3.5,0.28,0.001775,Under,,0.998225,nolines,NYI,simon holmstrom
2026-02-07,Nick DeSimone,UTA,,BLOCKS,3.5,0.279,0.001825,Under,,0.998175,nolines,UTA,nick desimone
2026-02-07,Michael Carcone,UTA,,BLOCKS,3.5,0.279,0.001825,Under,,0.998175,nolines,UTA,michael carcone
2026-02-07,JJ Peterka,UTA,,BLOCKS,3.5,0.279,0.001825,Under,,0.998175,nolines,UTA,jj peterka
2026-02-07,David Kampf,VAN,,BLOCKS,3.5,0.2812,0.00188,Under,,0.99812,nolines,VAN,david kampf
2026-02-07,Maxim Tsyplakov,NJD,,BLOCKS,2.5,0.1528,0.00191,Under,,0.99809,nolines,NJD,maxim tsyplakov
2026-02-07,Bobby McMann,TOR,,BLOCKS,3.5,0.2873,0.00193,Under,,0.99807,nolines,TOR,bobby mcmann
2026-02-07,Casey Mittelstadt,BOS,,BLOCKS,3.5,0.2848,0.001936,Under,,0.998064,nolines,BOS,casey mittelstadt
2026-02-07,Michael Eyssimont,BOS,,BLOCKS,3.5,0.2848,0.001936,Under,,0.998064,nolines,BOS,michael eyssimont
2026-02-07,Jacob Melanson,SEA,,BLOCKS,3.5,0.2859,0.001946,Under,,0.998054,nolines,SEA,jacob melanson
2026-02-07,Ryan Winterton,SEA,,BLOCKS,3.5,0.2859,0.001946,Under,,0.998054,nolines,SEA,ryan winterton
2026-02-07,Kaapo Kakko,SEA,,BLOCKS,3.5,0.2859,0.001946,Under,,0.998054,nolines,SEA,kaapo kakko
2026-02-07,Sam Steel,DAL,,BLOCKS,3.5,0.2853,0.001987,Under,,0.998013,nolines,DAL,sam steel
2026-02-07,Adam Erne,DAL,,BLOCKS,3.5,0.2853,0.001987,Under,,0.998013,nolines,DAL,adam erne
2026-02-07,Tanner Pearson,WPG,,BLOCKS,3.5,0.2867,0.002001,Under,,0.997999,nolines,WPG,tanner pearson
2026-02-07,Ryan Lomberg,CGY,,BLOCKS,3.5,0.2948,0.00214,Under,,0.99786,nolines,CGY,ryan lomberg
2026-02-07,Connor Zary,CGY,,BLOCKS,3.5,0.2948,0.00214,Under,,0.99786,nolines,CGY,connor zary
2026-02-07,Logan Cooley,UTA,,BLOCKS,3.5,0.2951,0.002186,Under,,0.997814,nolines,UTA,logan cooley
2026-02-07,Nick Schmaltz,UTA,,BLOCKS,3.5,0.2951,0.002186,Under,,0.997814,nolines,UTA,nick schmaltz
2026-02-07,Liam O'Brien,UTA,,BLOCKS,1.5,0.0508,0.00219,Under,,0.99781,nolines,UTA,liam o'brien
2026-02-07,Alexander Holtz,VGK,,BLOCKS,3.5,0.2939,0.002203,Under,,0.997797,nolines,VGK,alexander holtz
2026-02-07,Cole Smith,NSH,,BLOCKS,3.5,0.2983,0.002209,Under,,0.997791,nolines,NSH,cole smith
2026-02-07,Filip Forsberg,NSH,,BLOCKS,3.5,0.2983,0.002209,Under,,0.997791,nolines,NSH,filip forsberg
2026-02-07,Tyson Jost,NSH,,BLOCKS,3.5,0.2983,0.002209,Under,,0.997791,nolines,NSH,tyson jost
2026-02-07,Noah Ostlund,BUF,,BLOCKS,3.5,0.2991,0.002223,Under,,0.997777,nolines,BUF,noah ostlund
2026-02-07,Zach Benson,BUF,,BLOCKS,3.5,0.2991,0.002223,Under,,0.997777,nolines,BUF,zach benson
2026-02-07,Robert Thomas,STL,,BLOCKS,3.5,0.2985,0.002252,Under,,0.997748,nolines,STL,robert thomas
2026-02-07,Drew O'Connor,VAN,,BLOCKS,1.5,0.0519,0.00227,Under,,0.99773,nolines,VAN,drew o'connor
2026-02-07,Brendan Smith,CBJ,,BLOCKS,3.5,0.2983,0.002309,Under,,0.997691,nolines,CBJ,brendan smith
2026-02-07,Reilly Smith,VGK,,BLOCKS,3.5,0.2983,0.00231,Under,,0.99769,nolines,VGK,reilly smith
2026-02-07,Nicholas Robertson,TOR,,BLOCKS,2.5,0.1636,0.002321,Under,,0.997679,nolines,TOR,nicholas robertson
2026-02-07,Matias Maccelli,TOR,,BLOCKS,3.5,0.3047,0.002328,Under,,0.997672,nolines,TOR,matias maccelli
2026-02-07,Will Smith,SJS,,BLOCKS,3.5,0.2983,0.00234,Under,,0.99766,nolines,SJS,will smith
2026-02-07,Max Shabanov,NYI,,BLOCKS,3.5,0.3054,0.002344,Under,,0.997656,nolines,NYI,max shabanov
2026-02-07,Jonah Gadjovich,FLA,,BLOCKS,3.5,0.3027,0.00236,Under,,0.99764,nolines,FLA,jonah gadjovich
2026-02-07,Jansen Harkins,ANA,,BLOCKS,3.5,0.3044,0.002364,Under,,0.997636,nolines,ANA,jansen harkins
2026-02-07,Matt Duchene,DAL,,BLOCKS,2.5,0.1636,0.002398,Under,,0.997602,nolines,DAL,matt duchene
2026-02-07,Jason Robertson,DAL,,BLOCKS,2.5,0.1636,0.002398,Under,,0.997602,nolines,DAL,jason robertson
2026-02-07,Matthew Robertson,NYR,,BLOCKS,2.5,0.1636,0.002448,Under,,0.997552,nolines,NYR,matthew robertson
2026-02-07,Ryan Reaves,SJS,,BLOCKS,3.5,0.3027,0.00245,Under,,0.99755,nolines,SJS,ryan reaves
2026-02-07,Braeden Bowman,VGK,,BLOCKS,2.5,0.1663,0.002562,Under,,0.997438,nolines,VGK,braeden bowman
2026-02-07,Denver Barkey,PHI,,BLOCKS,3.5,0.3199,0.002653,Under,,0.997347,nolines,PHI,denver barkey
2026-02-07,Martin Pospisil,CGY,,BLOCKS,2.5,0.1707,0.002653,Under,,0.997347,nolines,CGY,martin pospisil
2026-02-07,Matt Coronato,CGY,,BLOCKS,2.5,0.1707,0.002653,Under,,0.997347,nolines,CGY,matt coronato
2026-02-07,Samuel Honzek,CGY,,BLOCKS,2.5,0.171,0.002665,Under,,0.997335,nolines,CGY,samuel honzek
2026-02-07,Brandon Saad,VGK,,BLOCKS,2.5,0.1689,0.002665,Under,,0.997335,nolines,VGK,brandon saad
2026-02-07,Jonas Rondbjerg,VGK,,BLOCKS,2.5,0.1689,0.002665,Under,,0.997335,nolines,VGK,jonas rondbjerg
2026-02-07,Ryan McLeod,BUF,,BLOCKS,2.5,0.1721,0.002682,Under,,0.997318,nolines,BUF,ryan mcleod
2026-02-07,Tyler Bertuzzi,CHI,,BLOCKS,3.5,0.3121,0.002685,Under,,0.997315,nolines,CHI,tyler bertuzzi
2026-02-07,Max Sasson,VAN,,BLOCKS,3.5,0.315,0.002696,Under,,0.997304,nolines,VAN,max sasson
2026-02-07,Ryan Donato,CHI,,BLOCKS,1.5,0.0567,0.002715,Under,,0.997285,nolines,CHI,ryan donato
2026-02-07,Trevor Zegras,PHI,,BLOCKS,3.5,0.3228,0.00273,Under,,0.99727,nolines,PHI,trevor zegras
2026-02-07,Connor Brown,NJD,,BLOCKS,3.5,0.3233,0.002757,Under,,0.997243,nolines,NJD,connor brown
2026-02-07,Nazem Kadri,CGY,,BLOCKS,1.5,0.0577,0.002758,Under,,0.997242,nolines,CGY,nazem kadri
2026-02-07,Frank Nazar,CHI,,BLOCKS,3.5,0.3152,0.002769,Under,,0.997231,nolines,CHI,frank nazar
2026-02-07,Sam Colangelo,ANA,,BLOCKS,2.5,0.1744,0.002799,Under,,0.997201,nolines,ANA,sam colangelo
2026-02-07,Leo Carlsson,ANA,,BLOCKS,2.5,0.1744,0.002799,Under,,0.997201,nolines,ANA,leo carlsson
2026-02-07,Mason Appleton,DET,,BLOCKS,2.5,0.1731,0.002814,Under,,0.997186,nolines,DET,mason appleton
2026-02-07,Nathan Bastian,DAL,,BLOCKS,2.5,0.1741,0.002821,Under,,0.997179,nolines,DAL,nathan bastian
2026-02-07,Marcus Johansson,MIN,,BLOCKS,2.5,0.1774,0.002854,Under,,0.997146,nolines,MIN,marcus johansson
2026-02-07,Joel Eriksson Ek,MIN,,BLOCKS,2.5,0.1774,0.002854,Under,,0.997146,nolines,MIN,joel eriksson ek
2026-02-07,Matt Boldy,MIN,,BLOCKS,2.5,0.1774,0.002854,Under,,0.997146,nolines,MIN,matt boldy
2026-02-07,Kirill Kaprizov,MIN,,BLOCKS,2.5,0.1774,0.002854,Under,,0.997146,nolines,MIN,kirill kaprizov
2026-02-07,Sandis Vilmanis,FLA,,BLOCKS,2.5,0.177,0.002947,Under,,0.997053,nolines,FLA,sandis vilmanis
2026-02-07,Carter Verhaeghe,FLA,,BLOCKS,2.5,0.177,0.002947,Under,,0.997053,nolines,FLA,carter verhaeghe
2026-02-07,Logan Stankoven,CAR,,BLOCKS,3.5,0.328,0.002968,Under,,0.997032,nolines,CAR,logan stankoven
2026-02-07,Pavol Regenda,SJS,,BLOCKS,1.5,0.0596,0.002976,Under,,0.997024,nolines,SJS,pavol regenda
2026-02-07,Artemi Panarin,LAK,,BLOCKS,3.5,0.3243,0.002987,Under,,0.997013,nolines,LAK,artemi panarin
2026-02-07,Albert Johansson,DET,,BLOCKS,2.5,0.1774,0.003002,Under,,0.996998,nolines,DET,albert johansson
2026-02-07,Matt Rempe,NYR,,BLOCKS,3.5,0.3243,0.003027,Under,,0.996973,nolines,NYR,matt rempe
2026-02-07,Tage Thompson,BUF,,BLOCKS,3.5,0.3306,0.00304,Under,,0.99696,nolines,BUF,tage thompson
2026-02-07,Jake Guentzel,TBL,,BLOCKS,3.5,0.3311,0.003105,Under,,0.996895,nolines,TBL,jake guentzel
2026-02-07,Andrew Mangiapane,EDM,,BLOCKS,3.5,0.3328,0.003161,Under,,0.996839,nolines,EDM,andrew mangiapane
2026-02-07,Ryan Nugent-Hopkins,EDM,,BLOCKS,1.5,0.0617,0.003164,Under,,0.996836,nolines,EDM,ryan nugent-hopkins
2026-02-07,J.T. Compher,DET,,BLOCKS,2.5,0.1815,0.003184,Under,,0.996816,nolines,DET,j.t. compher
2026-02-07,Jalen Chatfield,CAR,,BLOCKS,3.5,0.339,0.003286,Under,,0.996714,nolines,CAR,jalen chatfield
2026-02-07,Mike Reilly,CAR,,BLOCKS,3.5,0.339,0.003286,Under,,0.996714,nolines,CAR,mike reilly
2026-02-07,Egor Chinakhov,PIT,,BLOCKS,3.5,0.3414,0.003312,Under,,0.996688,nolines,PIT,egor chinakhov
2026-02-07,Yanni Gourde,TBL,,BLOCKS,1.5,0.0636,0.003313,Under,,0.996687,nolines,TBL,yanni gourde
2026-02-07,Brady Tkachuk,OTT,,BLOCKS,3.5,0.3414,0.003426,Under,,0.996574,nolines,OTT,brady tkachuk
2026-02-07,Collin Graf,SJS,,BLOCKS,3.5,0.3375,0.003432,Under,,0.996568,nolines,SJS,collin graf
2026-02-07,Matthew Tkachuk,FLA,,BLOCKS,3.5,0.3414,0.003437,Under,,0.996563,nolines,FLA,matthew tkachuk
2026-02-07,Mikael Backlund,CGY,,BLOCKS,3.5,0.3442,0.003481,Under,,0.996519,nolines,CGY,mikael backlund
2026-02-07,Zakhar Bardakov,COL,,BLOCKS,2.5,0.1892,0.003484,Under,,0.996516,nolines,COL,zakhar bardakov
2026-02-07,Ross Colton,COL,,BLOCKS,2.5,0.1892,0.003484,Under,,0.996516,nolines,COL,ross colton
2026-02-07,Jeff Skinner,SJS,,BLOCKS,2.5,0.1878,0.003503,Under,,0.996497,nolines,SJS,jeff skinner
2026-02-07,Nils Hoglander,VAN,,BLOCKS,2.5,0.1899,0.003547,Under,,0.996453,nolines,VAN,nils hoglander
2026-02-07,Nils Aman,VAN,,BLOCKS,2.5,0.1899,0.003547,Under,,0.996453,nolines,VAN,nils aman
2026-02-07,Max Domi,TOR,,BLOCKS,3.5,0.3493,0.003564,Under,,0.996436,nolines,TOR,max domi
2026-02-07,Morgan Frost,CGY,,BLOCKS,3.5,0.347,0.003569,Under,,0.996431,nolines,CGY,morgan frost
2026-02-07,Nicolas Deslauriers,PHI,,BLOCKS,3.5,0.354,0.003635,Under,,0.996365,nolines,PHI,nicolas deslauriers
2026-02-07,Tye Kartye,SEA,,BLOCKS,2.5,0.1932,0.003664,Under,,0.996336,nolines,SEA,tye kartye
2026-02-07,Calum Ritchie,NYI,,BLOCKS,3.5,0.3525,0.003669,Under,,0.996331,nolines,NYI,calum ritchie
2026-02-07,Anders Lee,NYI,,BLOCKS,3.5,0.3525,0.003669,Under,,0.996331,nolines,NYI,anders lee
2026-02-07,Nikita Nesterenko,ANA,,BLOCKS,3.5,0.3527,0.003737,Under,,0.996263,nolines,ANA,nikita nesterenko
2026-02-07,Kyle Palmieri,NYI,,BLOCKS,2.5,0.1966,0.003765,Under,,0.996235,nolines,NYI,kyle palmieri
2026-02-07,Timo Meier,NJD,,BLOCKS,3.5,0.3587,0.003796,Under,,0.996204,nolines,NJD,timo meier
2026-02-07,Zack MacEwen,NJD,,BLOCKS,3.5,0.3587,0.003796,Under,,0.996204,nolines,NJD,zack macewen
2026-02-07,Alex Killorn,ANA,,BLOCKS,2.5,0.1967,0.003819,Under,,0.996181,nolines,ANA,alex killorn
2026-02-07,Justin Barron,NSH,,BLOCKS,3.5,0.3563,0.003846,Under,,0.996154,nolines,NSH,justin barron
2026-02-07,Andre Lee,LAK,,BLOCKS,3.5,0.3525,0.00386,Under,,0.99614,nolines,LAK,andre lee
2026-02-07,Sam Bennett,FLA,,BLOCKS,3.5,0.3553,0.003884,Under,,0.996116,nolines,FLA,sam bennett
2026-02-07,Morgan Barron,WPG,,BLOCKS,3.5,0.3563,0.003935,Under,,0.996065,nolines,WPG,morgan barron
2026-02-07,William Nylander,TOR,,BLOCKS,3.5,0.3624,0.003987,Under,,0.996013,nolines,TOR,william nylander
2026-02-07,Cole Koepke,WPG,,BLOCKS,2.5,0.1992,0.003987,Under,,0.996013,nolines,WPG,cole koepke
2026-02-07,Matthew Knies,TOR,,BLOCKS,3.5,0.3624,0.003987,Under,,0.996013,nolines,TOR,matthew knies
2026-02-07,Brock Boeser,VAN,,BLOCKS,2.5,0.1992,0.00401,Under,,0.99599,nolines,VAN,brock boeser
2026-02-07,Aatu Raty,VAN,,BLOCKS,2.5,0.1992,0.00401,Under,,0.99599,nolines,VAN,aatu raty
2026-02-07,Jake DeBrusk,VAN,,BLOCKS,2.5,0.1992,0.00401,Under,,0.99599,nolines,VAN,jake debrusk
2026-02-07,Jack Finley,TBL,,BLOCKS,3.5,0.3618,0.004075,Under,,0.995925,nolines,TBL,jack finley
2026-02-07,Ivan Demidov,MTL,,BLOCKS,2.5,0.2012,0.004189,Under,,0.995811,nolines,MTL,ivan demidov
2026-02-07,Jack Eichel,VGK,,BLOCKS,2.5,0.2034,0.004311,Under,,0.995689,nolines,VGK,jack eichel
2026-02-07,Connor Bedard,CHI,,BLOCKS,2.5,0.2062,0.00444,Under,,0.99556,nolines,CHI,connor bedard
2026-02-07,Taylor Ward,LAK,,BLOCKS,1.5,0.0739,0.004483,Under,,0.995517,nolines,LAK,taylor ward
2026-02-07,Dylan Guenther,UTA,,BLOCKS,3.5,0.3717,0.004492,Under,,0.995508,nolines,UTA,dylan guenther
2026-02-07,Lars Eller,OTT,,BLOCKS,3.5,0.3768,0.004626,Under,,0.995374,nolines,OTT,lars eller
2026-02-07,Jack Drury,COL,,BLOCKS,2.5,0.2117,0.004638,Under,,0.995362,nolines,COL,jack drury
2026-02-07,Jared McCann,SEA,,BLOCKS,3.5,0.3781,0.004645,Under,,0.995355,nolines,SEA,jared mccann
2026-02-07,Mikey Anderson,LAK,,BLOCKS,2.5,0.2111,0.004699,Under,,0.995301,nolines,LAK,mikey anderson
2026-02-07,Jean-Gabriel Pageau,NYI,,BLOCKS,3.5,0.3823,0.0047,Under,,0.9953,nolines,NYI,jean-gabriel pageau
2026-02-07,Cole Caufield,MTL,,BLOCKS,2.5,0.2111,0.00473,Under,,0.99527,nolines,MTL,cole caufield
2026-02-07,Alex Newhook,MTL,,BLOCKS,2.5,0.2111,0.00473,Under,,0.99527,nolines,MTL,alex newhook
2026-02-07,Jayden Struble,MTL,,BLOCKS,2.5,0.2111,0.00473,Under,,0.99527,nolines,MTL,jayden struble
2026-02-07,Joe Veleno,MTL,,BLOCKS,2.5,0.2111,0.00473,Under,,0.99527,nolines,MTL,joe veleno
2026-02-07,Josh Anderson,MTL,,BLOCKS,2.5,0.2111,0.00473,Under,,0.99527,nolines,MTL,josh anderson
2026-02-07,Jake Neighbours,STL,,BLOCKS,3.5,0.3809,0.004775,Under,,0.995225,nolines,STL,jake neighbours
2026-02-07,Nick Perbix,NSH,,BLOCKS,3.5,0.3832,0.004798,Under,,0.995202,nolines,NSH,nick perbix
2026-02-07,Mattias Janmark,EDM,,BLOCKS,2.5,0.2178,0.005024,Under,,0.994976,nolines,EDM,mattias janmark
2026-02-07,Trent Frederic,EDM,,BLOCKS,2.5,0.2178,0.005024,Under,,0.994976,nolines,EDM,trent frederic
2026-02-07,Jack Roslovic,EDM,,BLOCKS,2.5,0.2178,0.005024,Under,,0.994976,nolines,EDM,jack roslovic
2026-02-07,Ilya Mikheyev,CHI,,BLOCKS,2.5,0.2176,0.005088,Under,,0.994912,nolines,CHI,ilya mikheyev
2026-02-07,Michael Bunting,NSH,,BLOCKS,3.5,0.3916,0.005118,Under,,0.994882,nolines,NSH,michael bunting
2026-02-07,Rickard Rakell,PIT,,BLOCKS,3.5,0.3941,0.005127,Under,,0.994873,nolines,PIT,rickard rakell
2026-02-07,Sidney Crosby,PIT,,BLOCKS,2.5,0.2246,0.005261,Under,,0.994739,nolines,PIT,sidney crosby
2026-02-07,Tommy Novak,PIT,,BLOCKS,2.5,0.2246,0.005261,Under,,0.994739,nolines,PIT,tommy novak
2026-02-07,Morgan Geekie,BOS,,BLOCKS,3.5,0.3932,0.005269,Under,,0.994731,nolines,BOS,morgan geekie
2026-02-07,Nick Bjugstad,NJD,,BLOCKS,3.5,0.4052,0.005475,Under,,0.994525,nolines,NJD,nick bjugstad
2026-02-07,Michael Misa,SJS,,BLOCKS,3.5,0.3944,0.005478,Under,,0.994522,nolines,SJS,michael misa
2026-02-07,Isac Lundeström,CBJ,,BLOCKS,2.5,0.2254,0.005524,Under,,0.994476,nolines,CBJ,isac lundeström
2026-02-07,Kyle Connor,WPG,,BLOCKS,2.5,0.227,0.005544,Under,,0.994456,nolines,WPG,kyle connor
2026-02-07,Jonny Brodzinski,NYR,,BLOCKS,3.5,0.3984,0.005633,Under,,0.994367,nolines,NYR,jonny brodzinski
2026-02-07,Sebastian Aho,CAR,,BLOCKS,1.5,0.0847,0.005637,Under,,0.994363,nolines,CAR,sebastian aho
2026-02-07,Kevin Hayes,PIT,,BLOCKS,3.5,0.408,0.005684,Under,,0.994316,nolines,PIT,kevin hayes
2026-02-07,Jonatan Berggren,STL,,BLOCKS,3.5,0.4052,0.005738,Under,,0.994262,nolines,STL,jonatan berggren
2026-02-07,Sean Monahan,CBJ,,BLOCKS,3.5,0.4021,0.005753,Under,,0.994247,nolines,CBJ,sean monahan
2026-02-07,Berkly Catton,SEA,,BLOCKS,3.5,0.4076,0.00581,Under,,0.99419,nolines,SEA,berkly catton
2026-02-07,Nico Hischier,NJD,,BLOCKS,3.5,0.4137,0.005821,Under,,0.994179,nolines,NJD,nico hischier
2026-02-07,Dominic James,TBL,,BLOCKS,2.5,0.2332,0.005894,Under,,0.994106,nolines,TBL,dominic james
2026-02-07,Gage Goncalves,TBL,,BLOCKS,2.5,0.2332,0.005894,Under,,0.994106,nolines,TBL,gage goncalves
2026-02-07,Justin Brazeau,PIT,,BLOCKS,3.5,0.4142,0.005944,Under,,0.994056,nolines,PIT,justin brazeau
2026-02-07,Filip Hallander,PIT,,BLOCKS,3.5,0.4142,0.005944,Under,,0.994056,nolines,PIT,filip hallander
2026-02-07,Erik Karlsson,PIT,,BLOCKS,3.5,0.4142,0.005944,Under,,0.994056,nolines,PIT,erik karlsson
2026-02-07,Jamie Benn,DAL,,BLOCKS,2.5,0.2338,0.005958,Under,,0.994042,nolines,DAL,jamie benn
2026-02-07,Brad Marchand,FLA,,BLOCKS,2.5,0.2338,0.005977,Under,,0.994023,nolines,FLA,brad marchand
2026-02-07,Nico Sturm,MIN,,BLOCKS,3.5,0.4165,0.005984,Under,,0.994016,nolines,MIN,nico sturm
2026-02-07,Miles Wood,CBJ,,BLOCKS,3.5,0.4077,0.00599,Under,,0.99401,nolines,CBJ,miles wood
2026-02-07,Wyatt Kaiser,CHI,,BLOCKS,2.5,0.2327,0.006011,Under,,0.993989,nolines,CHI,wyatt kaiser
2026-02-07,Casey Cizikas,NYI,,BLOCKS,3.5,0.4158,0.006037,Under,,0.993963,nolines,NYI,casey cizikas
2026-02-07,Brennan Othmann,NYR,,BLOCKS,3.5,0.4082,0.006048,Under,,0.993952,nolines,NYR,brennan othmann
2026-02-07,Noah Laba,NYR,,BLOCKS,3.5,0.4082,0.006048,Under,,0.993952,nolines,NYR,noah laba
2026-02-07,Jordan Kyrou,STL,,BLOCKS,1.5,0.0877,0.006065,Under,,0.993935,nolines,STL,jordan kyrou
2026-02-07,Sam Carrick,NYR,,BLOCKS,2.5,0.2339,0.006091,Under,,0.993909,nolines,NYR,sam carrick
2026-02-07,Blake Coleman,CGY,,BLOCKS,3.5,0.4147,0.00611,Under,,0.99389,nolines,CGY,blake coleman
2026-02-07,Lucas Raymond,DET,,BLOCKS,2.5,0.2355,0.006152,Under,,0.993848,nolines,DET,lucas raymond
2026-02-07,Warren Foegele,LAK,,BLOCKS,2.5,0.2353,0.006168,Under,,0.993832,nolines,LAK,warren foegele
2026-02-07,Adrian Kempe,LAK,,BLOCKS,2.5,0.2353,0.006168,Under,,0.993832,nolines,LAK,adrian kempe
2026-02-07,Linus Karlsson,VAN,,BLOCKS,3.5,0.4142,0.006188,Under,,0.993812,nolines,VAN,linus karlsson
2026-02-07,Jacob Moverare,LAK,,BLOCKS,3.5,0.413,0.006207,Under,,0.993793,nolines,LAK,jacob moverare
2026-02-07,Dawson Mercer,NJD,,BLOCKS,2.5,0.2421,0.006226,Under,,0.993774,nolines,NJD,dawson mercer
2026-02-07,Paul Cotter,NJD,,BLOCKS,2.5,0.2421,0.006226,Under,,0.993774,nolines,NJD,paul cotter
2026-02-07,Danton Heinen,CBJ,,BLOCKS,3.5,0.4137,0.006255,Under,,0.993745,nolines,CBJ,danton heinen
2026-02-07,William Karlsson,VGK,,BLOCKS,3.5,0.4142,0.006321,Under,,0.993679,nolines,VGK,william karlsson
2026-02-07,Pavel Buchnevich,STL,,BLOCKS,3.5,0.4188,0.006321,Under,,0.993679,nolines,STL,pavel buchnevich
2026-02-07,Sonny Milano,WSH,,BLOCKS,1.5,0.0921,0.006516,Under,,0.993484,nolines,WSH,sonny milano
2026-02-07,Alex Ovechkin,WSH,,BLOCKS,1.5,0.0921,0.006516,Under,,0.993484,nolines,WSH,alex ovechkin
2026-02-07,Jonathan Huberdeau,CGY,,BLOCKS,3.5,0.424,0.006521,Under,,0.993479,nolines,CGY,jonathan huberdeau
2026-02-07,Joel Farabee,CGY,,BLOCKS,3.5,0.424,0.006521,Under,,0.993479,nolines,CGY,joel farabee
2026-02-07,Brayden Point,TBL,,BLOCKS,3.5,0.4241,0.006534,Under,,0.993466,nolines,TBL,brayden point
2026-02-07,Nick Paul,TBL,,BLOCKS,3.5,0.4241,0.006534,Under,,0.993466,nolines,TBL,nick paul
2026-02-07,Max Crozier,TBL,,BLOCKS,3.5,0.4241,0.006534,Under,,0.993466,nolines,TBL,max crozier
2026-02-07,Mark Kastelic,BOS,,BLOCKS,3.5,0.4234,0.006557,Under,,0.993443,nolines,BOS,mark kastelic
2026-02-07,Eric Comrie,WPG,,SAVES,24.5,4.6116,0.005065,Under,,0.994935,nolines,WPG,eric comrie
2026-02-07,Connor Ingram,EDM,,SAVES,30.5,5.9015,0.004608,Under,,0.995392,nolines,EDM,connor ingram
2026-02-07,Justus Annunen,NSH,,SAVES,24.5,4.5496,0.00445,Under,,0.99555,nolines,NSH,justus annunen
2026-02-07,Casey DeSmith,DAL,,SAVES,24.5,3.4059,0.000997,Under,,0.999003,nolines,DAL,casey desmith
2026-02-07,Jake Allen,NJD,,SAVES,24.5,2.8771,0.00026,Under,,0.99974,nolines,NJD,jake allen
2026-02-07,Jonas Johansson,TBL,,SAVES,24.5,1.954,1.8e-05,Under,,0.999982,nolines,TBL,jonas johansson
2026-02-07,David Rittich,NYI,,SAVES,26.5,1.0407,0.0,Under,,1.0,nolines,NYI,david rittich
