date,player,team,market,line,over_price,under_price,book,p_over,ev,proj_lambda,ev_over
2025-10-16,Darnell Nurse,EDM,GOALS,1.5,8000.0,,betrivers,0.0616,3.9857,0.4,3.9857
2025-10-16,Jani Nyman,SEA,GOALS,1.5,4500.0,,betrivers,0.0902,3.1494,0.5,3.1494
2025-10-16,Gavin Brindley,COL,GOALS,1.5,4500.0,,betrivers,0.0902,3.1494,0.5,3.1494
2025-10-16,Calle Jarnkrok,TOR,GOALS,1.5,6000.0,,betrivers,0.0616,2.7547,0.4,2.7547
2025-10-16,Alexandre Carrier,MTL,GOALS,1.5,10000.0,,betrivers,0.0369,2.7306,0.3,2.7306
2025-10-16,Sam Reinhart,FLA,GOALS,2.5,5500.0,,betrivers,0.0629,2.52,0.9,2.52
2025-10-16,Travis Sanheim,PHI,GOALS,1.5,5500.0,,betrivers,0.0616,2.4469,0.4,2.4469
2025-10-16,Shane Pinto,OTT,GOALS,2.5,7000.0,,betrivers,0.0474,2.367,0.8,2.367
2025-10-16,Brad Marchand,FLA,GOALS,1.5,1900.0,,betrivers,0.1558,2.1161,0.7,2.1161
2025-10-16,Brad Marchand,FLA,GOALS,2.5,9000.0,,betrivers,0.0341,2.1069,0.7,2.1069
2025-10-16,Evan Rodrigues,FLA,GOALS,1.5,3300.0,,betrivers,0.0902,2.0669,0.5,2.0669
2025-10-16,Shane Pinto,OTT,GOALS,1.5,1500.0,,betrivers,0.1912,2.0593,0.8,2.0593
2025-10-16,Tyson Foerster,PHI,GOALS,1.5,1800.0,,betrivers,0.1558,1.9603,0.7,1.9603
2025-10-16,Sam Reinhart,FLA,GOALS,1.5,1150.0,,betrivers,0.2275,1.844,0.9,1.844
2025-10-16,Erik Haula,NSH,GOALS,1.5,4500.0,,betrivers,0.0616,1.8314,0.4,1.8314
2025-10-16,Tyson Foerster,PHI,GOALS,2.5,8000.0,,betrivers,0.0341,1.7655,0.7,1.7655
2025-10-16,Dante Fabbro,CBJ,GOALS,1.5,7000.0,,betrivers,0.0369,1.6225,0.3,1.6225
2025-10-16,Gavin Brindley,COL,GOALS,2.5,18000.0,,betrivers,0.0144,1.6042,0.5,1.6042
2025-10-16,Jani Nyman,SEA,GOALS,2.5,18000.0,,betrivers,0.0144,1.6042,0.5,1.6042
2025-10-16,Adam Fox,NYR,GOALS,1.5,4000.0,,betrivers,0.0616,1.5236,0.4,1.5236
2025-10-16,Jared McCann,SEA,GOALS,1.5,1300.0,,betrivers,0.1558,1.1813,0.7,1.1813
2025-10-16,Emil Heineman,NYI,GOALS,1.5,3300.0,,betrivers,0.0616,1.0928,0.4,1.0928
2025-10-16,Jared McCann,SEA,GOALS,2.5,6000.0,,betrivers,0.0341,1.0826,0.7,1.0826
2025-10-16,Dmitri Voronkov,CBJ,GOALS,1.5,2200.0,,betrivers,0.0902,1.0747,0.5,1.0747
2025-10-16,Dawson Mercer,NJD,GOALS,1.5,1600.0,,betrivers,0.1219,1.0723,0.6,1.0723
2025-10-16,Morgan Barron,WPG,GOALS,1.5,5500.0,,betrivers,0.0369,1.0684,0.3,1.0684
2025-10-16,Mathieu Olivier,CBJ,GOALS,1.5,5500.0,,betrivers,0.0369,1.0684,0.3,1.0684
2025-10-16,Tyson Foerster,PHI,GOALS,0.5,310.0,-470.0,fanduel,0.5034,1.064,0.7,1.064
2025-10-16,Evan Rodrigues,FLA,GOALS,2.5,14000.0,,betrivers,0.0144,1.0287,0.5,1.0287
2025-10-16,Darnell Nurse,EDM,GOALS,2.5,25000.0,,betrivers,0.0079,0.9895,0.4,0.9895
2025-10-16,Brian Halonen,NJD,GOALS,1.5,5000.0,,betrivers,0.0369,0.8838,0.3,0.8838
2025-10-16,Shane Pinto,OTT,GOALS,0.5,240.0,-350.0,fanduel,0.5507,0.8723,0.8,0.8723
2025-10-16,Brad Marchand,FLA,GOALS,0.5,270.0,-400.0,fanduel,0.5034,0.8626,0.7,0.8626
2025-10-16,Ryan O'Reilly,NSH,GOALS,1.5,1900.0,,betrivers,0.0902,0.8041,0.5,0.8041
2025-10-16,Zach Werenski,CBJ,GOALS,1.5,2800.0,,betrivers,0.0616,0.785,0.4,0.785
2025-10-16,Dawson Mercer,NJD,GOALS,2.5,7500.0,,betrivers,0.0231,0.7568,0.6,0.7568
2025-10-16,Sam Reinhart,FLA,GOALS,0.5,190.0,-260.0,fanduel,0.5934,0.7209,0.9,0.7209
2025-10-16,Oliver Kapanen,MTL,GOALS,1.5,4500.0,,betrivers,0.0369,0.6991,0.3,0.6991
2025-10-16,Juuso Parssinen,NYR,GOALS,1.5,4500.0,,betrivers,0.0369,0.6991,0.3,0.6991
2025-10-16,Kasperi Kapanen,EDM,GOALS,1.5,4500.0,,betrivers,0.0369,0.6991,0.3,0.6991
2025-10-16,Jared McCann,SEA,GOALS,0.5,230.0,-330.0,fanduel,0.5034,0.6613,0.7,0.6613
2025-10-16,Dmitri Voronkov,CBJ,GOALS,0.5,320.0,-490.0,fanduel,0.3935,0.6526,0.5,0.6526
2025-10-16,Artturi Lehkonen,COL,SOG,2.5,130.0,-185.0,betmgm,0.7146,0.6435,3.7,0.6435
2025-10-16,Bobby McMann,TOR,GOALS,1.5,2500.0,,betrivers,0.0616,0.6004,0.4,0.6004
2025-10-16,Josh Manson,COL,GOALS,1.5,9000.0,,betrivers,0.0175,0.5946,0.2,0.5946
2025-10-16,Calle Jarnkrok,TOR,GOALS,2.5,20000.0,,betrivers,0.0079,0.5932,0.4,0.5932
2025-10-16,Travis Sanheim,PHI,GOALS,2.5,20000.0,,betrivers,0.0079,0.5932,0.4,0.5932
2025-10-16,Dawson Mercer,NJD,GOALS,0.5,250.0,-360.0,fanduel,0.4512,0.5792,0.6,0.5792
2025-10-16,Auston Matthews,TOR,ASSISTS,0.5,100.0,-135.0,betmgm,0.0952,0.5751,0.1,0.5751
2025-10-16,Lane Hutson,MTL,SOG,1.5,139.0,-182.0,betonlineag,0.6454,0.5426,2.2,0.5426
2025-10-16,Paul Cotter,NJD,GOALS,1.5,4000.0,,betrivers,0.0369,0.5144,0.3,0.5144
2025-10-16,Jonny Brodzinski,NYR,GOALS,1.5,4000.0,,betrivers,0.0369,0.5144,0.3,0.5144
2025-10-16,Jesper Bratt,NJD,SOG,2.5,135.0,-185.0,betmgm,0.6406,0.5053,3.3,0.5053
2025-10-16,Jonathan Drouin,NYI,POINTS,0.5,-130.0,102.0,fanduel,0.2592,0.4965,0.3,0.4965
2025-10-16,Brad Marchand,FLA,SOG,2.5,105.0,-135.0,bovada,0.7146,0.4649,3.7,0.4649
2025-10-16,J.T. Miller,NYR,GOALS,0.5,270.0,-400.0,fanduel,0.3935,0.4558,0.5,0.4558
2025-10-16,Ryan O'Reilly,NSH,GOALS,0.5,270.0,-400.0,fanduel,0.3935,0.4558,0.5,0.4558
2025-10-16,Dmitri Voronkov,CBJ,GOALS,2.5,10000.0,,betrivers,0.0144,0.4532,0.5,0.4532
2025-10-16,Auston Matthews,TOR,POINTS,0.5,-250.0,190.0,fanduel,0.5034,0.4401,0.7,0.4401
2025-10-16,Neal Pionk,WPG,SOG,1.5,-120.0,-108.0,fanduel,0.7689,0.4097,2.8,0.4097
2025-10-16,Cole Caufield,MTL,GOALS,1.5,800.0,,betrivers,0.1558,0.4022,0.7,0.4022
2025-10-16,Valeri Nichushkin,COL,ASSISTS,0.5,210.0,-300.0,betmgm,0.4512,0.3987,0.6,0.3987
2025-10-16,Tim Stützle,OTT,POINTS,0.5,-200.0,154.0,fanduel,0.4512,0.394,0.6,0.394
2025-10-16,Jordan Eberle,SEA,ASSISTS,0.5,175.0,-235.0,betmgm,0.5034,0.3844,0.7,0.3844
2025-10-16,Anton Lundell,FLA,ASSISTS,0.5,175.0,-235.0,betmgm,0.5034,0.3844,0.7,0.3844
2025-10-16,Adam Fantilli,CBJ,GOALS,0.5,250.0,-360.0,fanduel,0.3935,0.3771,0.5,0.3771
2025-10-16,Cole Caufield,MTL,GOALS,0.5,170.0,-240.0,fanduel,0.5034,0.3592,0.7,0.3592
2025-10-16,Jonathan Drouin,NYI,SOG,1.5,140.0,-186.0,betrivers,0.5663,0.359,1.9,0.359
2025-10-16,J.T. Miller,NYR,GOALS,1.5,1400.0,,betrivers,0.0902,0.3531,0.5,0.3531
2025-10-16,Adam Fantilli,CBJ,GOALS,1.5,1400.0,,betrivers,0.0902,0.3531,0.5,0.3531
2025-10-16,Jonathan Drouin,NYI,ASSISTS,0.5,115.0,-155.0,betmgm,0.1813,0.3469,0.2,0.3469
2025-10-16,Matvei Michkov,PHI,SOG,2.5,110.0,-155.0,betmgm,0.6406,0.3452,3.3,0.3452
2025-10-16,Roman Josi,NSH,POINTS,0.5,-135.0,100.0,betmgm,0.3297,0.3406,0.4,0.3406
2025-10-16,Dmitri Voronkov,CBJ,SOG,1.5,-135.0,104.0,fanduel,0.7689,0.3385,2.8,0.3385
2025-10-16,Luke Evangelista,NSH,SOG,1.5,-142.0,110.0,draftkings,0.7854,0.3385,2.9,0.3385
2025-10-16,Tyson Foerster,PHI,ASSISTS,0.5,240.0,-325.0,betmgm,0.3935,0.3378,0.5,0.3378
2025-10-16,Artturi Lehkonen,COL,GOALS,0.5,240.0,-350.0,fanduel,0.3935,0.3378,0.5,0.3378
2025-10-16,Bo Horvat,NYI,POINTS,0.5,-154.0,120.0,draftkings,0.3935,0.3344,0.5,0.3344
2025-10-16,Evan Bouchard,EDM,POINTS,0.5,-154.0,120.0,draftkings,0.3935,0.3344,0.5,0.3344
2025-10-16,Alexis Lafrenière,NYR,POINTS,0.5,-105.0,-125.0,betmgm,0.2592,0.3335,0.3,0.3335
2025-10-16,Mattias Ekholm,EDM,SOG,1.5,-122.0,-106.0,betonlineag,0.7326,0.3331,2.6,0.3331
2025-10-16,Sam Reinhart,FLA,SOG,2.5,-104.0,-130.0,williamhill_us,0.6792,0.3322,3.5,0.3322
2025-10-16,Aaron Ekblad,FLA,GOALS,1.5,7500.0,,betrivers,0.0175,0.3318,0.2,0.3318
2025-10-16,Matthew Schaefer,NYI,SOG,1.5,-185.0,130.0,betmgm,0.8641,0.3312,3.5,0.3312
2025-10-16,Nico Hischier,NJD,SOG,2.5,140.0,-185.0,bovada,0.554,0.3297,2.9,0.3297
2025-10-17,Tyler Myers,VAN,GOALS,1.5,10000.0,,betrivers,0.0175,0.7698,0.2,0.7698
2025-10-17,Kiefer Sherwood,VAN,GOALS,1.5,3300.0,,betrivers,0.0369,0.2558,0.3,0.2558
2025-10-17,Jake DeBrusk,VAN,GOALS,1.5,1900.0,,betrivers,0.0616,0.231,0.4,0.231
2025-10-17,Nils Hoglander,VAN,GOALS,1.5,3000.0,,betrivers,0.0369,0.145,0.3,0.145
2025-10-16,Dmitri Voronkov,CBJ,POINTS,0.5,126.0,-162.0,fanduel,0.5934,0.3412,0.9,0.3412
2025-10-16,Dmitri Voronkov,CBJ,ASSISTS,0.5,257.0,-375.0,pinnacle,0.3624,0.2937,0.45,0.2937
2025-10-16,Cole Caufield,MTL,SOG,2.5,-175.0,127.0,pinnacle,0.4303,0.2932,2.4,0.2932
2025-10-16,Brady Skjei,NSH,SOG,1.5,-115.0,-116.0,pinnacle,0.6916,0.2929,2.4,0.2929
2025-10-16,Gustav Forsling,FLA,POINTS,0.5,220.0,-300.0,draftkings,0.5934,0.899,0.9,0.899
2025-10-16,Adam Fox,NYR,GOALS,0.5,525.0,-1000.0,fanduel,0.2953,0.8457,0.35,0.8457
2025-10-16,Arseny Gritsyuk,NJD,POINTS,0.5,203.0,-284.0,pinnacle,0.5934,0.7981,0.9,0.7981
2025-10-16,Matias Maccelli,TOR,GOALS,0.5,500.0,-900.0,fanduel,0.2953,0.7719,0.35,0.7719
2025-10-16,Darnell Nurse,EDM,POINTS,0.5,185.0,-248.0,draftkings,0.5934,0.6913,0.9,0.6913
2025-10-16,Nathan MacKinnon,COL,SOG,3.5,-155.0,113.0,pinnacle,0.2213,0.6587,2.4,0.6587
2025-10-16,Brady Skjei,NSH,POINTS,0.5,176.0,-230.0,fanduel,0.5934,0.6379,0.9,0.6379
2025-10-16,Ivan Provorov,CBJ,POINTS,0.5,176.0,-230.0,fanduel,0.5934,0.6379,0.9,0.6379
2025-10-16,Auston Matthews,TOR,SOG,3.5,-148.0,110.0,pinnacle,0.2213,0.6353,2.4,0.6353
2025-10-16,Evan Bouchard,EDM,GOALS,0.5,440.0,-700.0,fanduel,0.2953,0.5947,0.35,0.5947
2025-10-16,Patrik Laine,MTL,ASSISTS,0.5,340.0,-500.0,draftkings,0.3624,0.5944,0.45,0.5944
2025-10-16,Arseny Gritsyuk,NJD,ASSISTS,0.5,335.0,-525.0,pinnacle,0.3624,0.5763,0.45,0.5763
2025-10-16,Mike Matheson,MTL,POINTS,0.5,165.0,-218.0,draftkings,0.5934,0.5726,0.9,0.5726
2025-10-16,Luke Evangelista,NSH,POINTS,0.5,165.0,-218.0,draftkings,0.5934,0.5726,0.9,0.5726
2025-10-16,Vladislav Namestnikov,WPG,POINTS,0.5,165.0,-240.0,pinnacle,0.5934,0.5726,0.9,0.5726
2025-10-16,Shane Wright,SEA,POINTS,0.5,165.0,-218.0,draftkings,0.5934,0.5726,0.9,0.5726
2025-10-16,Tony DeAngelo,NYI,POINTS,0.5,162.0,-210.0,fanduel,0.5934,0.5548,0.9,0.5548
2025-10-16,Charlie Coyle,CBJ,POINTS,0.5,160.0,-212.0,draftkings,0.5934,0.5429,0.9,0.5429
2025-10-16,Mattias Ekholm,EDM,POINTS,0.5,160.0,-212.0,draftkings,0.5934,0.5429,0.9,0.5429
2025-10-16,Nino Niederreiter,WPG,ASSISTS,0.5,325.0,-475.0,draftkings,0.3624,0.5401,0.45,0.5401
2025-10-16,Michael Bunting,NSH,POINTS,0.5,151.0,-204.0,pinnacle,0.5934,0.4895,0.9,0.4895
2025-10-16,Owen Tippett,PHI,ASSISTS,0.5,310.0,-455.0,draftkings,0.3624,0.4857,0.45,0.4857
2025-10-16,Brendan Gallagher,MTL,ASSISTS,0.5,310.0,-455.0,draftkings,0.3624,0.4857,0.45,0.4857
2025-10-16,Michael Bunting,NSH,ASSISTS,0.5,310.0,-455.0,draftkings,0.3624,0.4857,0.45,0.4857
2025-10-16,Luke Evangelista,NSH,ASSISTS,0.5,310.0,-455.0,draftkings,0.3624,0.4857,0.45,0.4857
2025-10-16,Mason Marchment,SEA,ASSISTS,0.5,310.0,-455.0,draftkings,0.3624,0.4857,0.45,0.4857
2025-10-16,Brendan Gallagher,MTL,POINTS,0.5,150.0,-198.0,draftkings,0.5934,0.4836,0.9,0.4836
2025-10-16,Nino Niederreiter,WPG,POINTS,0.5,150.0,-198.0,draftkings,0.5934,0.4836,0.9,0.4836
2025-10-16,Michael Bunting,NSH,GOALS,0.5,400.0,-650.0,fanduel,0.2953,0.4766,0.35,0.4766
2025-10-16,Connor McDavid,EDM,POINTS,1.5,-120.0,-110.0,draftkings,0.2275,0.4747,0.9,0.4747
2025-10-16,Mason Marchment,SEA,POINTS,0.5,148.0,-194.0,fanduel,0.5934,0.4717,0.9,0.4717
2025-10-16,Patrik Laine,MTL,POINTS,0.5,147.0,-200.0,pinnacle,0.5934,0.4658,0.9,0.4658
2025-10-16,Andrew Mangiapane,EDM,SOG,1.5,110.0,-144.0,fanduel,0.6916,0.4523,2.4,0.4523
2025-10-16,Claude Giroux,OTT,GOALS,0.5,390.0,-650.0,fanduel,0.2953,0.447,0.35,0.447
2025-10-16,Nathan MacKinnon,COL,ASSISTS,0.5,-167.0,125.0,pinnacle,0.3624,0.4347,0.45,0.4347
2025-10-16,Leon Draisaitl,EDM,ASSISTS,0.5,-170.0,124.0,pinnacle,0.3624,0.4283,0.45,0.4283
2025-10-16,Eeli Tolvanen,SEA,SOG,1.5,106.0,-138.0,fanduel,0.6916,0.4246,2.4,0.4246
2025-10-16,Jack Roslovic,EDM,POINTS,0.5,140.0,-182.0,draftkings,0.5934,0.4242,0.9,0.4242
2025-10-16,Brandon Montour,SEA,POINTS,0.5,140.0,-182.0,draftkings,0.5934,0.4242,0.9,0.4242
2025-10-16,David Perron,OTT,GOALS,0.5,380.0,-600.0,fanduel,0.2953,0.4175,0.35,0.4175
2025-10-16,Mackie Samoskevich,FLA,GOALS,0.5,380.0,-600.0,fanduel,0.2953,0.4175,0.35,0.4175
2025-10-16,Shane Wright,SEA,GOALS,0.5,380.0,-600.0,fanduel,0.2953,0.4175,0.35,0.4175
2025-10-16,Ondrej Palat,NJD,GOALS,0.5,380.0,-600.0,fanduel,0.2953,0.4175,0.35,0.4175
2025-10-16,Shane Wright,SEA,ASSISTS,0.5,290.0,-420.0,draftkings,0.3624,0.4133,0.45,0.4133
2025-10-16,Will Cuylle,NYR,ASSISTS,0.5,290.0,-420.0,draftkings,0.3624,0.4133,0.45,0.4133
2025-10-16,Owen Tippett,PHI,POINTS,0.5,138.0,-178.0,fanduel,0.5934,0.4124,0.9,0.4124
2025-10-16,Will Cuylle,NYR,POINTS,0.5,138.0,-178.0,fanduel,0.5934,0.4124,0.9,0.4124
2025-10-16,Neal Pionk,WPG,POINTS,0.5,136.0,-174.0,fanduel,0.5934,0.4005,0.9,0.4005
2025-10-16,Arseny Gritsyuk,NJD,SOG,1.5,102.0,-132.0,fanduel,0.6916,0.3969,2.4,0.3969
2025-10-16,Jonathan Toews,WPG,POINTS,0.5,135.0,-175.0,draftkings,0.5934,0.3946,0.9,0.3946
2025-10-16,Seth Jones,FLA,POINTS,0.5,135.0,-185.0,pinnacle,0.5934,0.3946,0.9,0.3946
2025-10-16,Noah Dobson,MTL,POINTS,0.5,134.0,-185.0,pinnacle,0.5934,0.3886,0.9,0.3886
2025-10-16,Eeli Tolvanen,SEA,GOALS,0.5,370.0,-600.0,fanduel,0.2953,0.388,0.35,0.388
2025-10-16,Mason Marchment,SEA,GOALS,0.5,370.0,-600.0,fanduel,0.2953,0.388,0.35,0.388
2025-10-16,Evan Rodrigues,FLA,POINTS,0.5,131.0,-180.0,pinnacle,0.5934,0.3708,0.9,0.3708
2025-10-16,Mackie Samoskevich,FLA,POINTS,0.5,129.0,-172.0,pinnacle,0.5934,0.359,0.9,0.359
2025-10-16,Cale Makar,COL,ASSISTS,0.5,-149.0,112.0,pinnacle,0.3624,0.3518,0.45,0.3518
2025-10-16,Alex Iafallo,WPG,SOG,1.5,-105.0,-125.0,draftkings,0.6916,0.3502,2.4,0.3502
2025-10-16,Brendan Gallagher,MTL,SOG,1.5,-106.0,-124.0,pinnacle,0.6916,0.344,2.4,0.344
2025-10-16,Devon Toews,COL,POINTS,0.5,126.0,-162.0,draftkings,0.5934,0.3412,0.9,0.3412
2025-10-16,Fabian Zetterlund,OTT,POINTS,0.5,126.0,-162.0,fanduel,0.5934,0.3412,0.9,0.3412
2025-10-16,Matias Maccelli,TOR,POINTS,0.5,126.0,-162.0,draftkings,0.5934,0.3412,0.9,0.3412
2025-10-16,Vladislav Namestnikov,WPG,ASSISTS,0.5,270.0,-385.0,draftkings,0.3624,0.3408,0.45,0.3408
2025-10-16,Fabian Zetterlund,OTT,ASSISTS,0.5,270.0,-425.0,pinnacle,0.3624,0.3408,0.45,0.3408
2025-10-16,Charlie Coyle,CBJ,ASSISTS,0.5,270.0,-385.0,draftkings,0.3624,0.3408,0.45,0.3408
2025-10-16,Gustav Forsling,FLA,ASSISTS,0.5,270.0,-385.0,draftkings,0.3624,0.3408,0.45,0.3408
2025-10-16,Kent Johnson,CBJ,SOG,1.5,-108.0,-120.0,fanduel,0.6916,0.3319,2.4,0.3319
2025-10-16,Tyson Foerster,PHI,POINTS,0.5,124.0,-160.0,fanduel,0.5934,0.3293,0.9,0.3293
2025-10-16,Morgan Rielly,TOR,POINTS,0.5,124.0,-160.0,fanduel,0.5934,0.3293,0.9,0.3293
2025-10-16,Thomas Chabot,OTT,POINTS,0.5,124.0,-158.0,fanduel,0.5934,0.3293,0.9,0.3293
2025-10-16,Anton Lundell,FLA,GOALS,0.5,350.0,-550.0,fanduel,0.2953,0.3289,0.35,0.3289
2025-10-16,Andrew Mangiapane,EDM,GOALS,0.5,350.0,-550.0,fanduel,0.2953,0.3289,0.35,0.3289
2025-10-16,Anders Lee,NYI,ASSISTS,0.5,266.0,-391.0,pinnacle,0.3624,0.3263,0.45,0.3263
2025-10-16,Tony DeAngelo,NYI,SOG,1.5,-109.0,-122.0,pinnacle,0.6916,0.326,2.4,0.326
2025-10-16,Ridly Greig,OTT,SOG,1.5,-110.0,-120.0,draftkings,0.6916,0.3202,2.4,0.3202
2025-10-16,Jack Hughes,NJD,SOG,3.5,110.0,-144.0,fanduel,0.2213,0.3195,2.4,0.3195
2025-10-16,Mackie Samoskevich,FLA,ASSISTS,0.5,264.0,-389.0,pinnacle,0.3624,0.319,0.45,0.319
2025-10-16,Ivan Demidov,MTL,POINTS,0.5,122.0,-165.0,pinnacle,0.5934,0.3174,0.9,0.3174
2025-10-16,Chandler Stephenson,SEA,POINTS,0.5,122.0,-156.0,fanduel,0.5934,0.3174,0.9,0.3174
2025-10-16,Claude Giroux,OTT,POINTS,0.5,122.0,-154.0,fanduel,0.5934,0.3174,0.9,0.3174
2025-10-16,Zach Werenski,CBJ,SOG,3.5,112.0,-146.0,fanduel,0.2213,0.3121,2.4,0.3121
2025-10-16,Boone Jenner,CBJ,POINTS,0.5,121.0,-165.0,pinnacle,0.5934,0.3115,0.9,0.3115
2025-10-16,Leon Draisaitl,EDM,SOG,2.5,-168.0,130.0,draftkings,0.4303,0.3103,2.4,0.3103
2025-10-16,Cale Makar,COL,SOG,2.5,-168.0,130.0,draftkings,0.4303,0.3103,2.4,0.3103
2025-10-16,Connor McDavid,EDM,SOG,2.5,-168.0,130.0,draftkings,0.4303,0.3103,2.4,0.3103
2025-10-16,Bo Horvat,NYI,SOG,2.5,-170.0,130.0,fanduel,0.4303,0.3103,2.4,0.3103
2025-10-16,Connor McDavid,EDM,ASSISTS,1.5,170.0,-240.0,pinnacle,0.0754,0.3098,0.45,0.3098
2025-10-16,Jonathan Toews,WPG,ASSISTS,0.5,261.0,-383.0,pinnacle,0.3624,0.3082,0.45,0.3082
2025-10-16,Alex Iafallo,WPG,POINTS,0.5,120.0,-154.0,draftkings,0.5934,0.3055,0.9,0.3055
2025-10-16,Trevor Zegras,PHI,POINTS,0.5,120.0,-154.0,fanduel,0.5934,0.3055,0.9,0.3055
2025-10-16,Ridly Greig,OTT,POINTS,0.5,120.0,-154.0,draftkings,0.5934,0.3055,0.9,0.3055
2025-10-16,Anders Lee,NYI,POINTS,0.5,120.0,-154.0,fanduel,0.5934,0.3055,0.9,0.3055
2025-10-16,Aaron Ekblad,FLA,POINTS,0.5,120.0,-154.0,draftkings,0.5934,0.3055,0.9,0.3055
2025-10-16,Filip Forsberg,NSH,SOG,3.5,115.0,-148.0,draftkings,0.2213,0.3049,2.4,0.3049
2025-10-16,Ivan Demidov,MTL,ASSISTS,0.5,260.0,-390.0,pinnacle,0.3624,0.3045,0.45,0.3045
2025-10-16,Jack Roslovic,EDM,ASSISTS,0.5,259.0,-379.0,pinnacle,0.3624,0.3009,0.45,0.3009
2025-10-16,Anton Lundell,FLA,POINTS,0.5,119.0,-160.0,pinnacle,0.5934,0.2996,0.9,0.2996
2025-10-16,Nino Niederreiter,WPG,GOALS,0.5,340.0,-550.0,fanduel,0.2953,0.2994,0.35,0.2994
2025-10-16,Jonathan Drouin,NYI,GOALS,0.5,340.0,-550.0,fanduel,0.2953,0.2994,0.35,0.2994
2025-10-16,Fabian Zetterlund,OTT,GOALS,0.5,340.0,-500.0,fanduel,0.2953,0.2994,0.35,0.2994
2025-10-16,Luke Hughes,NJD,SOG,1.5,-114.0,-114.0,fanduel,0.6916,0.2982,2.4,0.2982
2025-10-16,Nino Niederreiter,WPG,SOG,1.5,-114.0,-114.0,fanduel,0.6916,0.2982,2.4,0.2982
2025-10-16,Adam Fantilli,CBJ,ASSISTS,0.5,258.0,-377.0,pinnacle,0.3624,0.2973,0.45,0.2973
2025-10-16,Leon Draisaitl,EDM,POINTS,1.5,115.0,-148.0,draftkings,0.2275,0.2944,0.9,0.2944
2025-10-16,Nathan MacKinnon,COL,POINTS,1.5,116.0,-148.0,fanduel,0.2275,0.2944,0.9,0.2944
2025-10-17,Filip Hronek,VAN,POINTS,0.5,158.0,-205.0,fanduel,0.5934,0.5311,0.9,0.5311
2025-10-17,Filip Chytil,VAN,ASSISTS,0.5,300.0,-440.0,draftkings,0.3624,0.4495,0.45,0.4495
2025-10-17,Filip Chytil,VAN,GOALS,0.5,350.0,-550.0,fanduel,0.2953,0.3289,0.35,0.3289
2025-10-17,Evander Kane,VAN,POINTS,0.5,120.0,-154.0,draftkings,0.5934,0.3055,0.9,0.3055
2025-10-17,Conor Garland,VAN,POINTS,0.5,119.0,-159.0,pinnacle,0.5934,0.2996,0.9,0.2996
2025-10-17,Conor Garland,VAN,GOALS,0.5,330.0,-490.0,fanduel,0.2953,0.2698,0.35,0.2698
2025-10-17,Evander Kane,VAN,ASSISTS,0.5,250.0,-350.0,draftkings,0.3624,0.2683,0.45,0.2683
2025-10-17,Evander Kane,VAN,GOALS,0.5,320.0,-490.0,fanduel,0.2953,0.2403,0.35,0.2403
2025-10-17,Elias Pettersson,VAN,SOG,1.5,-127.0,-105.0,pinnacle,0.6916,0.2361,2.4,0.2361
2025-10-17,Filip Chytil,VAN,POINTS,0.5,106.0,-142.0,pinnacle,0.5934,0.2225,0.9,0.2225
2025-10-17,Quinn Hughes,VAN,ASSISTS,0.5,-120.0,-110.0,draftkings,0.3624,0.2173,0.45,0.2173
2025-10-17,Conor Garland,VAN,ASSISTS,0.5,230.0,-320.0,draftkings,0.3624,0.1958,0.45,0.1958
2025-10-17,Jake DeBrusk,VAN,ASSISTS,0.5,230.0,-320.0,draftkings,0.3624,0.1958,0.45,0.1958
2025-10-17,Elias Pettersson,VAN,GOALS,0.5,300.0,-450.0,fanduel,0.2953,0.1812,0.35,0.1812
2025-10-17,Jake DeBrusk,VAN,POINTS,0.5,-102.0,-125.0,fanduel,0.5934,0.1752,0.9,0.1752
2025-10-17,Filip Hronek,VAN,ASSISTS,0.5,218.0,-309.0,pinnacle,0.3624,0.1523,0.45,0.1523
2025-10-17,Brock Boeser,VAN,ASSISTS,0.5,210.0,-285.0,draftkings,0.3624,0.1234,0.45,0.1234
2025-10-17,Elias Pettersson,VAN,POINTS,0.5,-114.0,-117.0,pinnacle,0.5934,0.114,0.9,0.114
2025-10-17,Brock Boeser,VAN,POINTS,0.5,-115.0,-111.0,fanduel,0.5934,0.1095,0.9,0.1095
2025-10-17,Brock Boeser,VAN,SOG,1.5,-188.0,142.0,fanduel,0.6916,0.0594,2.4,0.0594
2025-10-17,Jake DeBrusk,VAN,SOG,1.5,-196.0,148.0,fanduel,0.6916,0.0444,2.4,0.0444
2025-10-17,Jake DeBrusk,VAN,GOALS,0.5,250.0,-380.0,fanduel,0.2953,0.0336,0.35,0.0336
2025-10-17,Quinn Hughes,VAN,SOG,2.5,-106.0,-126.0,pinnacle,0.4303,0.0219,2.4,0.0219
2025-10-17,Elias Pettersson,VAN,ASSISTS,0.5,180.0,-240.0,draftkings,0.3624,0.0146,0.45,0.0146
2025-10-17,Conor Garland,VAN,SOG,2.5,135.0,-181.0,pinnacle,0.4303,0.0112,2.4,0.0112
2025-10-17,Jake Guentzel,TBL,SOG,2.5,100.0,-130.0,fanduel,0.4303,0.0079,2.4,0.0079
2025-10-17,Emmitt Finnie,DET,POINTS,0.5,176.0,-234.0,draftkings,0.5934,0.6379,0.9,0.6379
2025-10-17,Ryan Hartman,MIN,ASSISTS,0.5,340.0,-500.0,draftkings,0.3624,0.5944,0.45,0.5944
2025-10-17,James van Riemsdyk,DET,POINTS,0.5,165.0,-218.0,draftkings,0.5934,0.5726,0.9,0.5726
2025-10-17,Ryan Hartman,MIN,POINTS,0.5,165.0,-218.0,draftkings,0.5934,0.5726,0.9,0.5726
2025-10-17,Emmitt Finnie,DET,ASSISTS,0.5,310.0,-455.0,draftkings,0.3624,0.4857,0.45,0.4857
2025-10-17,Zeev Buium,MIN,SOG,1.5,114.0,-148.0,fanduel,0.6916,0.4799,2.4,0.4799
2025-10-17,Mason Appleton,DET,ASSISTS,0.5,300.0,-440.0,draftkings,0.3624,0.4495,0.45,0.4495
2025-10-17,James van Riemsdyk,DET,ASSISTS,0.5,300.0,-440.0,draftkings,0.3624,0.4495,0.45,0.4495
2025-10-17,Nikita Kucherov,TBL,ASSISTS,0.5,-154.0,120.0,draftkings,0.3624,0.4028,0.45,0.4028
2025-10-17,James van Riemsdyk,DET,SOG,1.5,100.0,-130.0,draftkings,0.6916,0.3831,2.4,0.3831
2025-10-17,Alex Ovechkin,WSH,SOG,3.5,-102.0,-131.0,pinnacle,0.2213,0.3732,2.4,0.3732
2025-10-17,Marco Kasper,DET,POINTS,0.5,131.0,-180.0,pinnacle,0.5934,0.3708,0.9,0.3708
2025-10-17,Marco Rossi,MIN,SOG,1.5,-104.0,-125.0,fanduel,0.6916,0.3565,2.4,0.3565
2025-10-17,Mason Appleton,DET,POINTS,0.5,127.0,-175.0,pinnacle,0.5934,0.3471,0.9,0.3471
2025-10-17,Marco Kasper,DET,ASSISTS,0.5,270.0,-385.0,draftkings,0.3624,0.3408,0.45,0.3408
2025-10-17,Kirill Kaprizov,MIN,SOG,3.5,105.0,-141.0,pinnacle,0.2213,0.331,2.4,0.331
2025-10-17,Marco Rossi,MIN,GOALS,0.5,350.0,-550.0,fanduel,0.2953,0.3289,0.35,0.3289
2025-10-17,Nikita Kucherov,TBL,SOG,2.5,-168.0,130.0,draftkings,0.4303,0.3103,2.4,0.3103
2025-10-17,Jakob Chychrun,WSH,POINTS,0.5,120.0,-154.0,draftkings,0.5934,0.3055,0.9,0.3055
2025-10-17,Vladimir Tarasenko,MIN,GOALS,0.5,340.0,-550.0,fanduel,0.2953,0.2994,0.35,0.2994
2025-10-17,Mason Appleton,DET,SOG,1.5,-115.0,-115.0,draftkings,0.6916,0.2929,2.4,0.2929
2025-10-17,Matt Boldy,MIN,SOG,3.5,119.0,-160.0,pinnacle,0.2213,0.2654,2.4,0.2654
2025-10-17,Oliver Bjorkstrand,TBL,POINTS,0.5,113.0,-151.0,pinnacle,0.5934,0.264,0.9,0.264
2025-10-17,Oliver Bjorkstrand,TBL,SOG,1.5,-125.0,-107.0,pinnacle,0.6916,0.2448,2.4,0.2448
2025-10-17,Connor McMichael,WSH,POINTS,0.5,109.0,-146.0,pinnacle,0.5934,0.2403,0.9,0.2403
2025-10-17,Alex DeBrincat,DET,SOG,2.5,-148.0,115.0,draftkings,0.4303,0.2249,2.4,0.2249
2025-10-17,Vladimir Tarasenko,MIN,SOG,1.5,-130.0,100.0,fanduel,0.6916,0.2235,2.4,0.2235
2025-10-17,Anthony Cirelli,TBL,GOALS,0.5,310.0,-470.0,fanduel,0.2953,0.2108,0.35,0.2108
2025-10-17,Nikita Kucherov,TBL,SOG,3.5,138.0,-182.0,fanduel,0.2213,0.2066,2.4,0.2066
2025-10-17,Anthony Cirelli,TBL,POINTS,0.5,102.0,-136.0,pinnacle,0.5934,0.1987,0.9,0.1987
2025-10-17,Connor McMichael,WSH,ASSISTS,0.5,230.0,-320.0,draftkings,0.3624,0.1958,0.45,0.1958
2025-10-17,Zeev Buium,MIN,POINTS,0.5,101.0,-134.0,pinnacle,0.5934,0.1928,0.9,0.1928
2025-10-17,Anthony Beauvillier,WSH,SOG,1.5,-138.0,104.0,pinnacle,0.6916,0.1927,2.4,0.1927
2025-10-17,Kirill Kaprizov,MIN,ASSISTS,0.5,-115.0,-115.0,draftkings,0.3624,0.1921,0.45,0.1921
2025-10-17,Dylan Strome,WSH,ASSISTS,0.5,-115.0,-116.0,pinnacle,0.3624,0.1873,0.45,0.1873
2025-10-17,Vladimir Tarasenko,MIN,POINTS,0.5,100.0,-128.0,fanduel,0.5934,0.1869,0.9,0.1869
2025-10-17,Moritz Seider,DET,POINTS,0.5,100.0,-133.0,pinnacle,0.5934,0.1869,0.9,0.1869
2025-10-17,Nikita Kucherov,TBL,POINTS,1.5,145.0,-188.0,draftkings,0.2275,0.1834,0.9,0.1834
2025-10-17,John Carlson,WSH,POINTS,0.5,-101.0,-131.0,pinnacle,0.5934,0.181,0.9,0.181
2025-10-17,Kirill Kaprizov,MIN,POINTS,1.5,148.0,-192.0,fanduel,0.2275,0.1748,0.9,0.1748
2025-10-17,Kirill Kaprizov,MIN,GOALS,0.5,115.0,-150.0,fanduel,0.2953,0.1745,0.35,0.1745
2025-10-17,Moritz Seider,DET,SOG,1.5,-146.0,110.0,pinnacle,0.6916,0.1652,2.4,0.1652
2025-10-17,Joel Eriksson Ek,MIN,SOG,2.5,-139.0,104.0,pinnacle,0.4303,0.1622,2.4,0.1622
2025-10-17,Anthony Cirelli,TBL,ASSISTS,0.5,220.0,-300.0,draftkings,0.3624,0.1596,0.45,0.1596
2025-10-17,Connor McMichael,WSH,SOG,1.5,-149.0,111.0,pinnacle,0.6916,0.1557,2.4,0.1557
2025-10-17,Marco Kasper,DET,SOG,1.5,-151.0,113.0,pinnacle,0.6916,0.1495,2.4,0.1495
2025-10-17,Marco Rossi,MIN,POINTS,0.5,-109.0,-123.0,pinnacle,0.5934,0.1379,0.9,0.1379
2025-10-17,Dylan Larkin,DET,SOG,2.5,-131.0,-102.0,pinnacle,0.4303,0.1282,2.4,0.1282
2025-10-17,Anthony Cirelli,TBL,SOG,1.5,-160.0,122.0,fanduel,0.6916,0.1238,2.4,0.1238
2025-10-17,Dylan Strome,WSH,SOG,1.5,-162.0,122.0,pinnacle,0.6916,0.1184,2.4,0.1184
2025-10-17,Victor Hedman,TBL,ASSISTS,0.5,100.0,-133.0,pinnacle,0.3624,0.117,0.45,0.117
2025-10-17,Matt Boldy,MIN,ASSISTS,0.5,103.0,-138.0,pinnacle,0.3624,0.0997,0.45,0.0997
2025-10-17,Aliaksei Protas,WSH,POINTS,0.5,-120.0,-110.0,draftkings,0.5934,0.088,0.9,0.088
2025-10-17,Oliver Bjorkstrand,TBL,ASSISTS,0.5,200.0,-300.0,pinnacle,0.3624,0.0871,0.45,0.0871
2025-10-17,John Carlson,WSH,SOG,1.5,-185.0,136.0,pinnacle,0.6916,0.0654,2.4,0.0654
2025-10-17,Matt Boldy,MIN,POINTS,0.5,-210.0,162.0,fanduel,0.5934,0.0652,0.9,0.0652
2025-10-17,Joel Eriksson Ek,MIN,POINTS,0.5,-126.0,-106.0,pinnacle,0.5934,0.0644,0.9,0.0644
2025-10-17,Vladimir Tarasenko,MIN,ASSISTS,0.5,190.0,-255.0,draftkings,0.3624,0.0509,0.45,0.0509
2025-10-17,Ryan Hartman,MIN,SOG,2.5,144.0,-190.0,fanduel,0.4303,0.0499,2.4,0.0499
2025-10-17,Brayden Point,TBL,POINTS,0.5,-205.0,158.0,fanduel,0.5934,0.0489,0.9,0.0489
2025-10-17,Tom Wilson,WSH,SOG,1.5,-195.0,141.0,pinnacle,0.6916,0.0462,2.4,0.0462
2025-10-17,Ryan Hartman,MIN,SOG,1.5,-200.0,144.0,pinnacle,0.6916,0.0373,2.4,0.0373
2025-10-17,Dylan Strome,WSH,POINTS,0.5,-204.0,155.0,draftkings,0.5934,0.0368,0.9,0.0368
2025-10-17,Victor Hedman,TBL,POINTS,0.5,-134.0,100.0,pinnacle,0.5934,0.0363,0.9,0.0363
2025-10-17,Joel Eriksson Ek,MIN,GOALS,0.5,250.0,-380.0,fanduel,0.2953,0.0336,0.35,0.0336
2025-10-17,Marco Rossi,MIN,ASSISTS,0.5,185.0,-260.0,pinnacle,0.3624,0.0328,0.45,0.0328
2025-10-17,Jakob Chychrun,WSH,ASSISTS,0.5,185.0,-248.0,draftkings,0.3624,0.0328,0.45,0.0328
2025-10-17,Patrick Kane,DET,POINTS,0.5,-137.0,102.0,pinnacle,0.5934,0.0266,0.9,0.0266
2025-10-17,Brayden Point,TBL,GOALS,0.5,160.0,-220.0,fanduel,0.2953,0.025,0.35,0.025
2025-10-17,Aliaksei Protas,WSH,SOG,1.5,-210.0,149.0,pinnacle,0.6916,0.0209,2.4,0.0209
2025-10-17,Victor Hedman,TBL,SOG,1.5,-210.0,148.0,pinnacle,0.6916,0.0209,2.4,0.0209
2025-10-17,Joel Eriksson Ek,MIN,ASSISTS,0.5,180.0,-240.0,draftkings,0.3624,0.0146,0.45,0.0146
2025-10-17,Brandon Hagel,TBL,POINTS,0.5,-142.0,110.0,draftkings,0.5934,0.0113,0.9,0.0113
2025-10-17,Nikita Kucherov,TBL,GOALS,0.5,160.0,-230.0,fanduel,0.2953,0.0111,0.35,0.0111
2025-10-17,Brayden Point,TBL,ASSISTS,0.5,129.0,-172.0,pinnacle,0.3624,0.0083,0.45,0.0083
2025-10-17,Brandon Hagel,TBL,SOG,2.5,134.0,-176.0,fanduel,0.4303,0.0069,2.4,0.0069
2025-10-17,Tom Wilson,WSH,POINTS,0.5,-144.0,108.0,pinnacle,0.5934,0.0055,0.9,0.0055
2025-10-17,Brandon Hagel,TBL,GOALS,0.5,240.0,-350.0,fanduel,0.2953,0.0041,0.35,0.0041
2025-10-17,John Carlson,WSH,ASSISTS,0.5,131.0,-175.0,pinnacle,0.3624,0.002,0.45,0.002
2025-10-17,Jake Guentzel,TBL,ASSISTS,0.5,135.0,-175.0,draftkings,0.3624,0.002,0.45,0.002
2025-10-17,Dylan Larkin,DET,ASSISTS,0.5,135.0,-175.0,draftkings,0.3624,0.002,0.45,0.002
2025-10-18,Andrew Mangiapane,EDM,GOALS,0.5,370.0,-600.0,fanduel,0.2953,0.388,0.35,0.388
2025-10-18,Jonathan Drouin,NYI,SOG,1.5,100.0,-130.0,fanduel,0.6916,0.3831,2.4,0.3831
2025-10-18,Alexander Wennberg,SJS,ASSISTS,0.5,278.0,-414.0,pinnacle,0.3624,0.3698,0.45,0.3698
2025-10-18,Jordan Eberle,SEA,GOALS,0.5,360.0,-600.0,fanduel,0.2953,0.3584,0.35,0.3584
2025-10-18,Jimmy Snuggerud,STL,GOALS,0.5,350.0,-550.0,fanduel,0.2953,0.3289,0.35,0.3289
2025-10-18,Anthony Duclair,NYI,SOG,1.5,-110.0,-118.0,fanduel,0.6916,0.3202,2.4,0.3202
2025-10-18,Trevor Zegras,PHI,GOALS,0.5,340.0,-550.0,fanduel,0.2953,0.2994,0.35,0.2994
2025-10-18,Vladimir Tarasenko,MIN,GOALS,0.5,340.0,-500.0,fanduel,0.2953,0.2994,0.35,0.2994
2025-10-18,Morgan Rielly,TOR,SOG,1.5,-118.0,-110.0,fanduel,0.6916,0.2776,2.4,0.2776
2025-10-18,Zach Benson,BUF,GOALS,0.5,330.0,-500.0,fanduel,0.2953,0.2698,0.35,0.2698
2025-10-18,Auston Matthews,TOR,GOALS,0.5,-105.0,-130.0,fanduel,0.2953,0.2468,0.35,0.2468
2025-10-18,Jake Neighbours,STL,SOG,1.5,-125.0,-104.0,fanduel,0.6916,0.2448,2.4,0.2448
2025-10-18,Mason Marchment,SEA,SOG,1.5,-125.0,-104.0,fanduel,0.6916,0.2448,2.4,0.2448
2025-10-18,Marco Rossi,MIN,GOALS,0.5,320.0,-490.0,fanduel,0.2953,0.2403,0.35,0.2403
2025-10-18,Alex Iafallo,WPG,GOALS,0.5,320.0,-490.0,fanduel,0.2953,0.2403,0.35,0.2403
2025-10-18,Jake Neighbours,STL,GOALS,0.5,320.0,-490.0,fanduel,0.2953,0.2403,0.35,0.2403
2025-10-18,Jordan Eberle,SEA,SOG,1.5,-128.0,-102.0,fanduel,0.6916,0.2318,2.4,0.2318
2025-10-18,Matias Maccelli,TOR,SOG,1.5,-128.0,-102.0,fanduel,0.6916,0.2318,2.4,0.2318
2025-10-18,Ridly Greig,OTT,SOG,1.5,-128.0,-102.0,fanduel,0.6916,0.2318,2.4,0.2318
2025-10-18,William Nylander,TOR,SOG,2.5,-152.0,116.0,fanduel,0.4303,0.2306,2.4,0.2306
2025-10-18,Matty Beniers,SEA,SOG,1.5,-130.0,100.0,fanduel,0.6916,0.2235,2.4,0.2235
2025-10-18,Brayden Schenn,STL,SOG,1.5,-130.0,100.0,fanduel,0.6916,0.2235,2.4,0.2235
2025-10-18,Easton Cowan,TOR,GOALS,0.5,310.0,-470.0,fanduel,0.2953,0.2108,0.35,0.2108
2025-10-18,Ivan Demidov,MTL,GOALS,0.5,310.0,-470.0,fanduel,0.2953,0.2108,0.35,0.2108
2025-10-18,Claude Giroux,OTT,GOALS,0.5,310.0,-470.0,fanduel,0.2953,0.2108,0.35,0.2108
2025-10-18,Macklin Celebrini,SJS,SOG,2.5,-146.0,109.0,pinnacle,0.4303,0.1907,2.4,0.1907
2025-10-18,Claude Giroux,OTT,SOG,1.5,-140.0,108.0,fanduel,0.6916,0.1855,2.4,0.1855
2025-10-18,Robert Thomas,STL,SOG,1.5,-140.0,108.0,fanduel,0.6916,0.1855,2.4,0.1855
2025-10-18,Ryan O'Reilly,NSH,GOALS,0.5,300.0,-450.0,fanduel,0.2953,0.1812,0.35,0.1812
2025-10-18,Matt Duchene,DAL,GOALS,0.5,300.0,-450.0,fanduel,0.2953,0.1812,0.35,0.1812
2025-10-18,Anders Lee,NYI,GOALS,0.5,300.0,-450.0,fanduel,0.2953,0.1812,0.35,0.1812
2025-10-18,Anton Lundell,FLA,GOALS,0.5,300.0,-470.0,fanduel,0.2953,0.1812,0.35,0.1812
2025-10-18,David Tomasek,EDM,GOALS,0.5,300.0,-470.0,fanduel,0.2953,0.1812,0.35,0.1812
2025-10-18,Will Smith,SJS,POINTS,0.5,-102.0,-130.0,pinnacle,0.5934,0.1752,0.9,0.1752
2025-10-18,Kyle Connor,WPG,GOALS,0.5,115.0,-150.0,fanduel,0.2953,0.1745,0.35,0.1745
2025-10-18,Kirill Kaprizov,MIN,GOALS,0.5,110.0,-150.0,fanduel,0.2953,0.1745,0.35,0.1745
2025-10-18,Will Smith,SJS,SOG,1.5,-148.0,114.0,fanduel,0.6916,0.1588,2.4,0.1588
2025-10-18,Dmitri Voronkov,CBJ,GOALS,0.5,290.0,-420.0,fanduel,0.2953,0.1517,0.35,0.1517
2025-10-18,Jason Zucker,BUF,GOALS,0.5,290.0,-450.0,fanduel,0.2953,0.1517,0.35,0.1517
2025-10-18,William Eklund,SJS,GOALS,0.5,290.0,-440.0,fanduel,0.2953,0.1517,0.35,0.1517
2025-10-18,Zack Bolduc,MTL,GOALS,0.5,290.0,-440.0,fanduel,0.2953,0.1517,0.35,0.1517
2025-10-18,Matty Beniers,SEA,GOALS,0.5,290.0,-420.0,fanduel,0.2953,0.1517,0.35,0.1517
2025-10-18,Sean Couturier,PHI,GOALS,0.5,290.0,-440.0,fanduel,0.2953,0.1517,0.35,0.1517
2025-10-18,Kent Johnson,CBJ,GOALS,0.5,290.0,-450.0,fanduel,0.2953,0.1517,0.35,0.1517
2025-10-18,Tyler Seguin,DAL,GOALS,0.5,290.0,-440.0,fanduel,0.2953,0.1517,0.35,0.1517
2025-10-18,Will Smith,SJS,GOALS,0.5,290.0,-440.0,fanduel,0.2953,0.1517,0.35,0.1517
2025-10-18,Tyson Foerster,PHI,GOALS,0.5,290.0,-440.0,fanduel,0.2953,0.1517,0.35,0.1517
2025-10-18,Dylan Holloway,STL,GOALS,0.5,290.0,-440.0,fanduel,0.2953,0.1517,0.35,0.1517
2025-10-18,Nino Niederreiter,WPG,GOALS,0.5,290.0,-450.0,fanduel,0.2953,0.1517,0.35,0.1517
2025-10-18,Jimmy Snuggerud,STL,SOG,1.5,-152.0,116.0,fanduel,0.6916,0.1465,2.4,0.1465
2025-10-18,William Eklund,SJS,SOG,1.5,-152.0,116.0,fanduel,0.6916,0.1465,2.4,0.1465
2025-10-18,Leon Draisaitl,EDM,GOALS,0.5,120.0,-160.0,fanduel,0.2953,0.1451,0.35,0.1451
2025-10-18,Vince Dunn,SEA,SOG,1.5,-156.0,120.0,fanduel,0.6916,0.1349,2.4,0.1349
2025-10-18,Tony DeAngelo,NYI,SOG,1.5,-156.0,120.0,fanduel,0.6916,0.1349,2.4,0.1349
2025-10-18,Tyler Toffoli,SJS,POINTS,0.5,-111.0,-120.0,pinnacle,0.5934,0.1281,0.9,0.1281
2025-10-18,Matt Duchene,DAL,SOG,1.5,-160.0,122.0,fanduel,0.6916,0.1238,2.4,0.1238
2025-10-18,Tyler Toffoli,SJS,ASSISTS,0.5,210.0,-285.0,draftkings,0.3624,0.1234,0.45,0.1234
2025-10-18,Boone Jenner,CBJ,GOALS,0.5,280.0,-420.0,fanduel,0.2953,0.1222,0.35,0.1222
2025-10-18,Anthony Cirelli,TBL,GOALS,0.5,280.0,-420.0,fanduel,0.2953,0.1222,0.35,0.1222
2025-10-18,Jaden Schwartz,SEA,GOALS,0.5,280.0,-420.0,fanduel,0.2953,0.1222,0.35,0.1222
2025-10-18,Pavel Buchnevich,STL,GOALS,0.5,280.0,-420.0,fanduel,0.2953,0.1222,0.35,0.1222
2025-10-18,Will Cuylle,NYR,GOALS,0.5,275.0,-420.0,fanduel,0.2953,0.1074,0.35,0.1074
2025-10-18,Dawson Mercer,NJD,GOALS,0.5,275.0,-420.0,fanduel,0.2953,0.1074,0.35,0.1074
2025-10-18,Ryan Nugent-Hopkins,EDM,GOALS,0.5,275.0,-420.0,fanduel,0.2953,0.1074,0.35,0.1074
2025-10-18,Robert Thomas,STL,GOALS,0.5,275.0,-420.0,fanduel,0.2953,0.1074,0.35,0.1074
2025-10-18,Jeff Skinner,SJS,SOG,1.5,-170.0,130.0,fanduel,0.6916,0.0984,2.4,0.0984
2025-10-18,Mathew Barzal,NYI,GOALS,0.5,270.0,-400.0,fanduel,0.2953,0.0927,0.35,0.0927
2025-10-18,Steven Stamkos,NSH,GOALS,0.5,270.0,-400.0,fanduel,0.2953,0.0927,0.35,0.0927
2025-10-18,Dylan Cozens,OTT,GOALS,0.5,270.0,-400.0,fanduel,0.2953,0.0927,0.35,0.0927
2025-10-18,Anders Lee,NYI,SOG,1.5,-176.0,134.0,fanduel,0.6916,0.0845,2.4,0.0845
2025-10-18,Bobby McMann,TOR,SOG,1.5,-176.0,134.0,fanduel,0.6916,0.0845,2.4,0.0845
2025-10-18,Pavel Buchnevich,STL,SOG,1.5,-178.0,136.0,fanduel,0.6916,0.0801,2.4,0.0801
2025-10-18,Jaden Schwartz,SEA,SOG,1.5,-178.0,136.0,fanduel,0.6916,0.0801,2.4,0.0801
2025-10-18,Mikko Rantanen,DAL,SOG,2.5,-113.0,-115.0,fanduel,0.4303,0.0651,2.4,0.0651
2025-10-18,J.T. Miller,NYR,GOALS,0.5,260.0,-390.0,fanduel,0.2953,0.0631,0.35,0.0631
2025-10-18,Thomas Harley,DAL,SOG,1.5,-188.0,142.0,fanduel,0.6916,0.0594,2.4,0.0594
2025-10-18,Shane Pinto,OTT,SOG,1.5,-188.0,142.0,fanduel,0.6916,0.0594,2.4,0.0594
2025-10-18,Connor McDavid,EDM,GOALS,0.5,150.0,-200.0,fanduel,0.2953,0.057,0.35,0.057
2025-10-18,Mikko Rantanen,DAL,GOALS,0.5,150.0,-200.0,fanduel,0.2953,0.057,0.35,0.057
2025-10-18,Matthew Schaefer,NYI,SOG,1.5,-190.0,144.0,fanduel,0.6916,0.0555,2.4,0.0555
2025-10-18,Miro Heiskanen,DAL,SOG,2.5,142.0,-188.0,fanduel,0.4303,0.0413,2.4,0.0413
2025-10-18,William Nylander,TOR,GOALS,0.5,150.0,-210.0,fanduel,0.2953,0.0403,0.35,0.0403
2025-10-18,Sam Reinhart,FLA,GOALS,0.5,155.0,-210.0,fanduel,0.2953,0.0403,0.35,0.0403
2025-10-18,Mark Scheifele,WPG,GOALS,0.5,155.0,-210.0,fanduel,0.2953,0.0403,0.35,0.0403
2025-10-18,Nikita Kucherov,TBL,GOALS,0.5,155.0,-210.0,fanduel,0.2953,0.0403,0.35,0.0403
2025-10-18,Kyle Palmieri,NYI,GOALS,0.5,250.0,-360.0,fanduel,0.2953,0.0336,0.35,0.0336
2025-10-18,Owen Tippett,PHI,GOALS,0.5,250.0,-360.0,fanduel,0.2953,0.0336,0.35,0.0336
2025-10-18,Alexis Lafrenière,NYR,GOALS,0.5,250.0,-360.0,fanduel,0.2953,0.0336,0.35,0.0336
2025-10-18,Brandon Hagel,TBL,GOALS,0.5,250.0,-360.0,fanduel,0.2953,0.0336,0.35,0.0336
2025-10-18,Roope Hintz,DAL,SOG,1.5,-205.0,154.0,fanduel,0.6916,0.0289,2.4,0.0289
2025-10-18,Tyler Toffoli,SJS,SOG,2.5,-105.0,-125.0,draftkings,0.4303,0.0255,2.4,0.0255
2025-10-18,Tage Thompson,BUF,GOALS,0.5,160.0,-220.0,fanduel,0.2953,0.025,0.35,0.025
2025-10-18,Macklin Celebrini,SJS,POINTS,0.5,-142.0,112.0,fanduel,0.5934,0.0113,0.9,0.0113
2025-10-18,Brayden Point,TBL,GOALS,0.5,165.0,-230.0,fanduel,0.2953,0.0111,0.35,0.0111
2025-10-18,Kirill Marchenko,CBJ,GOALS,0.5,165.0,-230.0,fanduel,0.2953,0.0111,0.35,0.0111
2025-10-18,John Tavares,TOR,SOG,2.5,100.0,-130.0,fanduel,0.4303,0.0079,2.4,0.0079
2025-10-18,Jake Sanderson,OTT,SOG,2.5,100.0,-130.0,fanduel,0.4303,0.0079,2.4,0.0079
2025-10-18,Tim Stützle,OTT,SOG,2.5,100.0,-130.0,fanduel,0.4303,0.0079,2.4,0.0079
2025-10-18,Jesper Bratt,NJD,GOALS,0.5,240.0,-350.0,fanduel,0.2953,0.0041,0.35,0.0041
2025-10-18,Tyler Toffoli,SJS,GOALS,0.5,240.0,-340.0,fanduel,0.2953,0.0041,0.35,0.0041
2025-10-18,Macklin Celebrini,SJS,ASSISTS,0.5,135.0,-175.0,draftkings,0.3624,0.002,0.45,0.002
2025-10-18,Jordan Kyrou,STL,SOG,2.5,102.0,-132.0,fanduel,0.4303,0.0013,2.4,0.0013
2025-10-18,Vince Dunn,SEA,GOALS,0.5,650.0,-1400.0,fanduel,0.2953,1.2148,0.35,1.2148
2025-10-18,Morgan Rielly,TOR,GOALS,0.5,625.0,-1200.0,fanduel,0.2953,1.141,0.35,1.141
2025-10-18,Thomas Harley,DAL,GOALS,0.5,625.0,-1200.0,fanduel,0.2953,1.141,0.35,1.141
2025-10-18,Miro Heiskanen,DAL,GOALS,0.5,550.0,-1100.0,fanduel,0.2953,0.9195,0.35,0.9195
2025-10-18,Brock Faber,MIN,POINTS,0.5,210.0,-280.0,fanduel,0.5934,0.8396,0.9,0.8396
2025-10-18,Mason Lohrei,BOS,POINTS,0.5,210.0,-285.0,draftkings,0.5934,0.8396,0.9,0.8396
2025-10-18,Brady Skjei,NSH,POINTS,0.5,200.0,-265.0,fanduel,0.5934,0.7803,0.9,0.7803
2025-10-18,Oliver Ekman-Larsson,TOR,POINTS,0.5,200.0,-265.0,fanduel,0.5934,0.7803,0.9,0.7803
2025-10-18,Jake Sanderson,OTT,GOALS,0.5,500.0,-850.0,fanduel,0.2953,0.7719,0.35,0.7719
2025-10-18,Blake Coleman,CGY,GOALS,0.5,490.0,-850.0,fanduel,0.2953,0.7423,0.35,0.7423
2025-10-18,Rasmus Andersson,CGY,POINTS,0.5,190.0,-255.0,draftkings,0.5934,0.7209,0.9,0.7209
2025-10-18,Casey Mittelstadt,BOS,GOALS,0.5,480.0,-800.0,fanduel,0.2953,0.7128,0.35,0.7128
2025-10-18,Casey Mittelstadt,BOS,POINTS,0.5,186.0,-245.0,fanduel,0.5934,0.6972,0.9,0.6972
2025-10-18,Viktor Arvidsson,BOS,POINTS,0.5,185.0,-248.0,draftkings,0.5934,0.6913,0.9,0.6913
2025-10-18,Blake Coleman,CGY,ASSISTS,0.5,360.0,-550.0,draftkings,0.3624,0.6669,0.45,0.6669
2025-10-18,Gustav Forsling,FLA,POINTS,0.5,180.0,-240.0,draftkings,0.5934,0.6616,0.9,0.6616
2025-10-18,Alex Laferriere,LAK,POINTS,0.5,180.0,-240.0,draftkings,0.5934,0.6616,0.9,0.6616
2025-10-18,Blake Coleman,CGY,POINTS,0.5,176.0,-234.0,draftkings,0.5934,0.6379,0.9,0.6379
2025-10-18,Mason Marchment,SEA,POINTS,0.5,176.0,-234.0,draftkings,0.5934,0.6379,0.9,0.6379
2025-10-18,Owen Power,BUF,POINTS,0.5,176.0,-234.0,draftkings,0.5934,0.6379,0.9,0.6379
2025-10-18,Nathan MacKinnon,COL,SOG,3.5,-142.0,107.0,pinnacle,0.2213,0.612,2.4,0.612
2025-10-18,Patrik Laine,MTL,POINTS,0.5,170.0,-225.0,draftkings,0.5934,0.6023,0.9,0.6023
2025-10-18,Kirby Dach,MTL,POINTS,0.5,170.0,-225.0,draftkings,0.5934,0.6023,0.9,0.6023
2025-10-18,Bowen Byram,BUF,POINTS,0.5,170.0,-225.0,draftkings,0.5934,0.6023,0.9,0.6023
2025-10-18,Auston Matthews,TOR,SOG,3.5,-135.0,105.0,draftkings,0.2213,0.5964,2.4,0.5964
2025-10-18,Matias Maccelli,TOR,GOALS,0.5,440.0,-700.0,fanduel,0.2953,0.5947,0.35,0.5947
2025-10-18,Patrik Laine,MTL,ASSISTS,0.5,340.0,-500.0,draftkings,0.3624,0.5944,0.45,0.5944
2025-10-18,Warren Foegele,LAK,ASSISTS,0.5,340.0,-500.0,draftkings,0.3624,0.5944,0.45,0.5944
2025-10-18,Kirby Dach,MTL,ASSISTS,0.5,340.0,-500.0,draftkings,0.3624,0.5944,0.45,0.5944
2025-10-18,Michael Bunting,NSH,POINTS,0.5,168.0,-220.0,fanduel,0.5934,0.5904,0.9,0.5904
2025-10-18,Tony DeAngelo,NYI,POINTS,0.5,165.0,-218.0,draftkings,0.5934,0.5726,0.9,0.5726
2025-10-18,Viktor Arvidsson,BOS,GOALS,0.5,430.0,-700.0,fanduel,0.2953,0.5652,0.35,0.5652
2025-10-18,Ivan Provorov,CBJ,POINTS,0.5,162.0,-210.0,fanduel,0.5934,0.5548,0.9,0.5548
2025-10-18,K'Andre Miller,CAR,POINTS,0.5,162.0,-210.0,fanduel,0.5934,0.5548,0.9,0.5548
2025-10-18,Mattias Ekholm,EDM,POINTS,0.5,162.0,-210.0,fanduel,0.5934,0.5548,0.9,0.5548
2025-10-18,Warren Foegele,LAK,POINTS,0.5,160.0,-212.0,draftkings,0.5934,0.5429,0.9,0.5429
2025-10-18,Casey Mittelstadt,BOS,ASSISTS,0.5,325.0,-475.0,draftkings,0.3624,0.5401,0.45,0.5401
2025-10-18,Mason Marchment,SEA,ASSISTS,0.5,325.0,-475.0,draftkings,0.3624,0.5401,0.45,0.5401
2025-10-18,Michael Bunting,NSH,GOALS,0.5,420.0,-650.0,fanduel,0.2953,0.5356,0.35,0.5356
2025-10-18,Jack Eichel,VGK,ASSISTS,0.5,-182.0,140.0,draftkings,0.3624,0.5303,0.45,0.5303
2025-10-18,Shane Wright,SEA,GOALS,0.5,410.0,-650.0,fanduel,0.2953,0.5061,0.35,0.5061
2025-10-18,Mason Marchment,SEA,GOALS,0.5,410.0,-650.0,fanduel,0.2953,0.5061,0.35,0.5061
2025-10-18,Mitch Marner,VGK,ASSISTS,0.5,-175.0,135.0,draftkings,0.3624,0.4984,0.45,0.4984
2025-10-18,Joel Farabee,CGY,POINTS,0.5,150.0,-194.0,fanduel,0.5934,0.4836,0.9,0.4836
2025-10-18,Andrew Mangiapane,EDM,SOG,1.5,114.0,-148.0,fanduel,0.6916,0.4799,2.4,0.4799
2025-10-18,Easton Cowan,TOR,SOG,1.5,114.0,-148.0,fanduel,0.6916,0.4799,2.4,0.4799
2025-10-18,Pavel Zacha,BOS,GOALS,0.5,400.0,-650.0,fanduel,0.2953,0.4766,0.35,0.4766
2025-10-18,Charlie Coyle,CBJ,POINTS,0.5,148.0,-192.0,fanduel,0.5934,0.4717,0.9,0.4717
2025-10-18,Travis Sanheim,PHI,POINTS,0.5,146.0,-188.0,fanduel,0.5934,0.4598,0.9,0.4598
2025-10-18,Vladislav Namestnikov,WPG,POINTS,0.5,146.0,-188.0,fanduel,0.5934,0.4598,0.9,0.4598
2025-10-18,Trevor Moore,LAK,POINTS,0.5,145.0,-188.0,draftkings,0.5934,0.4539,0.9,0.4539
2025-10-18,Kris Letang,PIT,POINTS,0.5,145.0,-188.0,draftkings,0.5934,0.4539,0.9,0.4539
2025-10-18,Ryan Hartman,MIN,ASSISTS,0.5,300.0,-440.0,draftkings,0.3624,0.4495,0.45,0.4495
2025-10-18,Jeff Skinner,SJS,ASSISTS,0.5,300.0,-440.0,draftkings,0.3624,0.4495,0.45,0.4495
2025-10-18,Alexander Wennberg,SJS,POINTS,0.5,144.0,-194.0,pinnacle,0.5934,0.448,0.9,0.448
2025-10-18,Joel Farabee,CGY,ASSISTS,0.5,299.0,-453.0,pinnacle,0.3624,0.4459,0.45,0.4459
2025-10-18,Drew Doughty,LAK,POINTS,0.5,142.0,-184.0,fanduel,0.5934,0.4361,0.9,0.4361
2025-10-18,David Pastrnak,BOS,SOG,3.5,-110.0,-120.0,draftkings,0.2213,0.4277,2.4,0.4277
2025-10-18,Brandon Montour,SEA,POINTS,0.5,140.0,-182.0,draftkings,0.5934,0.4242,0.9,0.4242
2025-10-18,Will Cuylle,NYR,POINTS,0.5,140.0,-182.0,draftkings,0.5934,0.4242,0.9,0.4242
2025-10-18,Ryan Hartman,MIN,POINTS,0.5,140.0,-182.0,draftkings,0.5934,0.4242,0.9,0.4242
2025-10-18,Trevor Moore,LAK,ASSISTS,0.5,293.0,-441.0,pinnacle,0.3624,0.4241,0.45,0.4241
2025-10-18,Brock Faber,MIN,ASSISTS,0.5,292.0,-439.0,pinnacle,0.3624,0.4205,0.45,0.4205
2025-10-18,Brayden Schenn,STL,GOALS,0.5,380.0,-600.0,fanduel,0.2953,0.4175,0.35,0.4175
2025-10-18,Yegor Sharangovich,CGY,GOALS,0.5,380.0,-600.0,fanduel,0.2953,0.4175,0.35,0.4175
2025-10-18,Jonathan Huberdeau,CGY,GOALS,0.5,380.0,-600.0,fanduel,0.2953,0.4175,0.35,0.4175
2025-10-18,Zach Werenski,CBJ,SOG,3.5,-109.0,-122.0,pinnacle,0.2213,0.417,2.4,0.417
2025-10-18,Connor McDavid,EDM,POINTS,1.5,-110.0,-120.0,draftkings,0.2275,0.4162,0.9,0.4162
2025-10-18,Will Cuylle,NYR,ASSISTS,0.5,290.0,-475.0,pinnacle,0.3624,0.4133,0.45,0.4133
2025-10-18,Nino Niederreiter,WPG,ASSISTS,0.5,290.0,-420.0,draftkings,0.3624,0.4133,0.45,0.4133
2025-10-18,Anders Lee,NYI,ASSISTS,0.5,290.0,-420.0,draftkings,0.3624,0.4133,0.45,0.4133
2025-10-18,Brayden Schenn,STL,POINTS,0.5,138.0,-180.0,fanduel,0.5934,0.4124,0.9,0.4124
2025-10-18,Bobby Brink,PHI,POINTS,0.5,138.0,-178.0,fanduel,0.5934,0.4124,0.9,0.4124
2025-10-18,Brady Skjei,NSH,ASSISTS,0.5,289.0,-435.0,pinnacle,0.3624,0.4096,0.45,0.4096
2025-10-18,Dougie Hamilton,NJD,POINTS,0.5,137.0,-184.0,pinnacle,0.5934,0.4064,0.9,0.4064
2025-10-18,Neal Pionk,WPG,POINTS,0.5,137.0,-185.0,pinnacle,0.5934,0.4064,0.9,0.4064
2025-10-19,Viktor Arvidsson,BOS,POINTS,0.5,185.0,-248.0,draftkings,0.5934,0.6913,0.9,0.6913
2025-10-19,Viktor Arvidsson,BOS,GOALS,0.5,430.0,-700.0,fanduel,0.2953,0.5652,0.35,0.5652
2025-10-19,David Pastrnak,BOS,GOALS,0.5,135.0,-180.0,fanduel,0.2953,0.0962,0.35,0.0962
2025-10-19,Elias Lindholm,BOS,POINTS,0.5,-123.0,-108.0,pinnacle,0.5934,0.0759,0.9,0.0759
2025-10-18,Jonathan Toews,WPG,POINTS,0.5,134.0,-172.0,fanduel,0.5934,0.3886269962069977,0.9,0.3886269962069977
2025-10-18,Luke Hughes,NJD,SOG,1.5,-122.0,-106.0,fanduel,0.761,0.3848368143365567,2.754,0.3848368143365567
2025-10-18,Cale Makar,COL,ASSISTS,0.5,-154.0,120.0,draftkings,0.3706,0.384723051704757,0.463,0.384723051704757
2025-10-18,Evan Bouchard,EDM,POINTS,0.5,-142.0,110.0,draftkings,0.3414,0.3830990085694045,0.418,0.3830990085694045
2025-10-18,Seth Jarvis,CAR,POINTS,0.5,-215.0,164.0,fanduel,0.4761,0.3830570056830698,0.646,0.3830570056830698
2025-10-19,Elias Lindholm,BOS,GOALS,0.5,360.0,-600.0,fanduel,0.2189,0.0067241419932979,0.247,0.0067241419932979
2025-10-19,Viktor Arvidsson,BOS,SOG,2.5,154.0,-205.0,fanduel,0.3247,0.0047796297795855,2.005,0.0047796297795855
2025-10-18,Matthew Schaefer,NYI,GOALS,0.5,650.0,-1400.0,fanduel,0.2953,1.2148393271096491,0.35,1.2148393271096491
2025-10-18,Viktor Arvidsson,BOS,ASSISTS,0.5,340.0,-500.0,draftkings,0.483,1.1251477289277043,0.66,1.1251477289277043
2025-10-18,Brendan Gallagher,MTL,ASSISTS,0.5,310.0,-455.0,draftkings,0.5146,1.1097117774206753,0.723,1.1097117774206753
2025-10-18,Evan Rodrigues,FLA,GOALS,0.5,340.0,-550.0,fanduel,0.457,1.0107333303995971,0.611,1.0107333303995971
2025-10-18,Shane Pinto,OTT,GOALS,0.5,250.0,-360.0,fanduel,0.5628,0.969800884002414,0.827,0.969800884002414
2025-10-18,Cale Makar,COL,POINTS,0.5,-248.0,185.0,draftkings,0.3477,0.8590616244732119,0.427,0.8590616244732119
2025-10-18,Ryan Hartman,MIN,SOG,2.5,150.0,-198.0,draftkings,0.7355,0.8388474476409506,3.828,0.8388474476409506
2025-10-18,Adrian Kempe,LAK,POINTS,0.5,-206.0,152.0,pinnacle,0.2906,0.7877563895016044,0.343,0.7877563895016044
2025-10-18,Jack Hughes,NJD,POINTS,0.5,-220.0,168.0,fanduel,0.3387,0.772186429110003,0.414,0.772186429110003
2025-10-18,Ivan Demidov,MTL,ASSISTS,0.5,250.0,-350.0,draftkings,0.5045,0.7657976015678977,0.702,0.7657976015678977
2025-10-18,Bo Horvat,NYI,SOG,3.5,126.0,-165.0,fanduel,0.7797,0.7620225774933636,5.341,0.7620225774933636
2025-10-18,Nikolaj Ehlers,CAR,SOG,2.5,108.0,-140.0,fanduel,0.8427,0.7527494619786604,4.651,0.7527494619786604
2025-10-18,Travis Konecny,PHI,POINTS,0.5,-148.0,115.0,draftkings,0.1951,0.7304746374550735,0.217,0.7304746374550735
2025-10-18,Sam Bennett,FLA,POINTS,0.5,-128.0,100.0,fanduel,0.135,0.729989528933821,0.145,0.729989528933821
2025-10-18,Tomas Hertl,VGK,POINTS,0.5,-140.0,110.0,fanduel,0.1777,0.7269265320844075,0.196,0.7269265320844075
2025-10-18,Jason Robertson,DAL,GOALS,0.5,190.0,-260.0,fanduel,0.5916,0.7157419056996405,0.896,0.7157419056996405
2025-10-18,Nikolaj Ehlers,CAR,POINTS,0.5,-125.0,-106.0,pinnacle,0.1176,0.7148662532442542,0.125,0.7148662532442542
2025-10-18,Mark Stone,VGK,POINTS,0.5,-234.0,176.0,draftkings,0.384,0.7002810682985081,0.484,0.7002810682985081
2025-10-18,Artturi Lehkonen,COL,SOG,2.5,145.0,-188.0,draftkings,0.69,0.6905052389552466,3.559,0.6905052389552466
2025-10-18,Josh Morrissey,WPG,POINTS,0.5,-125.0,-106.0,pinnacle,0.135,0.6810275611338071,0.145,0.6810275611338071
2025-10-18,Eetu Luostarinen,FLA,POINTS,0.5,168.0,-220.0,fanduel,0.6271,0.6805561772600955,0.986,0.6805561772600955
2025-10-18,Eetu Luostarinen,FLA,ASSISTS,0.5,270.0,-385.0,draftkings,0.4518,0.6716108189180869,0.601,0.6716108189180869
2025-10-18,Rasmus Dahlin,BUF,SOG,2.5,-104.0,-128.0,pinnacle,0.8425,0.6526681332221007,4.649,0.6526681332221007
2025-10-18,Brock Faber,MIN,SOG,1.5,120.0,-160.0,pinnacle,0.741,0.6302431784360267,2.644,0.6302431784360267
2025-10-18,Ryan McLeod,BUF,GOALS,0.5,420.0,-650.0,fanduel,0.313,0.62748885098169,0.375,0.62748885098169
2025-10-18,Jared McCann,SEA,GOALS,0.5,230.0,-330.0,fanduel,0.4931,0.6273558859149826,0.68,0.6273558859149826
2025-10-18,Wyatt Johnston,DAL,GOALS,0.5,230.0,-330.0,fanduel,0.4931,0.6273558859149826,0.68,0.6273558859149826
2025-10-18,Nico Hischier,NJD,GOALS,0.5,210.0,-290.0,fanduel,0.5247,0.6266154166083084,0.744,0.6266154166083084
2025-10-18,Auston Matthews,TOR,ASSISTS,0.5,-102.0,-130.0,pinnacle,0.0824,0.6234065630002672,0.086,0.6234065630002672
2025-10-18,Nick Suzuki,MTL,POINTS,0.5,-240.0,180.0,draftkings,0.4229,0.6158632395652548,0.55,0.6158632395652548
2025-10-18,Jonathan Marchessault,NSH,GOALS,0.5,300.0,-450.0,fanduel,0.3994,0.5974764209046365,0.51,0.5974764209046365
2025-10-18,Seth Jarvis,CAR,SOG,2.5,-110.0,-118.0,fanduel,0.8362,0.5963236436166149,4.589,0.5963236436166149
2025-10-18,Dylan Cozens,OTT,POINTS,0.5,-118.0,-108.0,fanduel,0.1804,0.5785360986595159,0.199,0.5785360986595159
2025-10-18,Jeff Skinner,SJS,GOALS,0.5,310.0,-470.0,fanduel,0.3835,0.5724934517126992,0.484,0.5724934517126992
2025-10-18,Zeev Buium,MIN,SOG,1.5,126.0,-165.0,fanduel,0.6916,0.5629232469241544,2.4,0.5629232469241544
2025-10-18,Brock Nelson,COL,POINTS,0.5,-143.0,108.0,pinnacle,0.2489,0.5622877404372665,0.286,0.5622877404372665
2025-10-18,Shea Theodore,VGK,POINTS,0.5,100.0,-130.0,draftkings,0.1176,0.5611814508623941,0.125,0.5611814508623941
2025-10-18,Luke Evangelista,NSH,SOG,1.5,100.0,-130.0,fanduel,0.7784,0.5568104219366001,2.857,0.5568104219366001
2025-10-18,Elias Lindholm,BOS,SOG,2.5,126.0,-165.0,fanduel,0.6874,0.5534737883846402,3.545,0.5534737883846402
2025-10-18,Morgan Geekie,BOS,GOALS,0.5,240.0,-350.0,fanduel,0.4557,0.5495230925186907,0.608,0.5495230925186907
2025-10-18,Tyler Seguin,DAL,SOG,2.5,140.0,-184.0,fanduel,0.6416,0.5398102341412798,3.305,0.5398102341412798
2025-10-18,Warren Foegele,LAK,SOG,1.5,-154.0,118.0,fanduel,0.9239,0.5238836721619973,4.231,0.5238836721619973
2025-10-18,Shane Wright,SEA,SOG,1.5,125.0,-164.0,fanduel,0.675,0.518827212673505,2.326,0.518827212673505
2025-10-18,Sidney Crosby,PIT,GOALS,0.5,170.0,-230.0,fanduel,0.559,0.5091923827386022,0.819,0.5091923827386022
2025-10-18,Zach Benson,BUF,ASSISTS,0.5,160.0,-230.0,pinnacle,0.5792,0.5059403330644386,0.866,0.5059403330644386
2025-10-18,Bobby McMann,TOR,ASSISTS,0.5,344.0,-543.0,pinnacle,0.3367,0.4949864790001679,0.411,0.4949864790001679
2025-10-18,Bobby McMann,TOR,POINTS,0.5,150.0,-198.0,draftkings,0.598,0.4949815817848649,0.911,0.4949815817848649
2025-10-18,William Eklund,SJS,POINTS,0.5,-135.0,102.0,pinnacle,0.2611,0.4925565454033503,0.303,0.4925565454033503
2025-10-18,Mathew Barzal,NYI,POINTS,0.5,-160.0,124.0,fanduel,0.3352,0.4890959305672131,0.408,0.4890959305672131
2025-10-18,Michael Bunting,NSH,ASSISTS,0.5,340.0,-500.0,draftkings,0.3367,0.481518132342509,0.411,0.481518132342509
2025-10-18,Mika Zibanejad,NYR,POINTS,0.5,-150.0,113.0,pinnacle,0.3052,0.4799303549742234,0.364,0.4799303549742234
2025-10-18,Darnell Nurse,EDM,POINTS,0.5,195.0,-280.0,pinnacle,0.5012,0.4786583382999255,0.696,0.4786583382999255
2025-10-18,Brandon Hagel,TBL,POINTS,0.5,-148.0,115.0,draftkings,0.3125,0.4782223073728481,0.375,0.4782223073728481
2025-10-18,Nathan MacKinnon,COL,ASSISTS,0.5,-168.0,130.0,draftkings,0.3599,0.4721847544549219,0.446,0.4721847544549219
2025-10-18,Tage Thompson,BUF,SOG,3.5,128.0,-168.0,fanduel,0.6434,0.4668721977327592,4.416,0.4668721977327592
2025-10-18,Mackie Samoskevich,FLA,ASSISTS,0.5,260.0,-370.0,draftkings,0.4067,0.4641721610993881,0.522,0.4641721610993881
2025-10-18,Noah Dobson,MTL,POINTS,0.5,139.0,-186.0,pinnacle,0.0513,0.4588078364128795,0.053,0.4588078364128795
2025-10-18,Bo Horvat,NYI,SOG,2.5,-162.0,126.0,draftkings,0.9013,0.4576616726800402,5.341,0.4576616726800402
2025-10-18,Anthony Cirelli,TBL,SOG,1.5,-180.0,134.0,pinnacle,0.3782,0.4550527788419845,1.314,0.4550527788419845
2025-10-18,Morgan Frost,CGY,ASSISTS,0.5,230.0,-320.0,draftkings,0.4409,0.4550280415343768,0.581,0.4550280415343768
2025-10-18,Jordan Eberle,SEA,ASSISTS,0.5,176.0,-234.0,draftkings,0.5262,0.4522632198664293,0.747,0.4522632198664293
2025-10-18,Nazem Kadri,CGY,GOALS,0.5,220.0,-310.0,fanduel,0.4529,0.4494145848149735,0.603,0.4494145848149735
2025-10-18,Josh Doan,BUF,ASSISTS,0.5,230.0,-320.0,draftkings,0.4372,0.4426238256099347,0.575,0.4426238256099347
2025-10-18,Trevor Zegras,PHI,POINTS,0.5,-105.0,-127.0,pinnacle,0.1951,0.4386293451833059,0.217,0.4386293451833059
2025-10-18,Chandler Stephenson,SEA,POINTS,0.5,119.0,-159.0,pinnacle,0.1176,0.4373798044992291,0.125,0.4373798044992291
2025-10-18,Alex Laferriere,LAK,ASSISTS,0.5,375.0,-575.0,draftkings,0.3019,0.4339331622451425,0.359,0.4339331622451425
2025-10-18,Mackie Samoskevich,FLA,POINTS,0.5,130.0,-174.0,pinnacle,0.6231,0.4330189915548055,0.976,0.4330189915548055
2025-10-18,Zack Bolduc,MTL,POINTS,0.5,100.0,-128.0,fanduel,0.1955,0.43300523856767,0.218,0.43300523856767
2025-10-18,Will Smith,SJS,ASSISTS,0.5,220.0,-300.0,draftkings,0.4475,0.4320142035470871,0.593,0.4320142035470871
2025-10-18,Erik Karlsson,PIT,POINTS,0.5,-115.0,-111.0,fanduel,0.2489,0.4277664294536696,0.286,0.4277664294536696
2025-10-18,Tyson Foerster,PHI,ASSISTS,0.5,261.0,-383.0,pinnacle,0.3955,0.4277120470459624,0.503,0.4277120470459624
2025-10-18,Nikolaj Ehlers,CAR,ASSISTS,0.5,176.0,-234.0,draftkings,0.0002,0.4270703853949147,0.0,0.4270703853949147
2025-10-18,Devon Toews,COL,POINTS,0.5,120.0,-154.0,draftkings,0.135,0.4266796764584107,0.145,0.4266796764584107
2025-10-18,Trevor Moore,LAK,GOALS,0.5,400.0,-650.0,fanduel,0.285,0.4251913341179562,0.336,0.4251913341179562
2025-10-18,Jiri Kulich,BUF,POINTS,0.5,140.0,-182.0,draftkings,0.5934,0.4242,0.9,0.4242
2025-10-18,Adrian Kempe,LAK,ASSISTS,0.5,105.0,-135.0,draftkings,0.1833,0.4215891840776388,0.203,0.4215891840776388
2025-10-18,Nathan MacKinnon,COL,POINTS,1.5,109.0,-144.0,pinnacle,0.1618,0.4202850043123048,0.717,0.4202850043123048
2025-10-18,Jason Robertson,DAL,SOG,2.5,-160.0,122.0,fanduel,0.8738,0.4198741420432859,4.981,0.4198741420432859
2025-10-18,Seth Jones,FLA,POINTS,0.5,115.0,-148.0,draftkings,0.1533,0.4187592482516025,0.166,0.4187592482516025
2025-10-18,Vince Dunn,SEA,ASSISTS,0.5,146.0,-196.0,pinnacle,0.5766,0.4183245178156665,0.859,0.4183245178156665
2025-10-18,Filip Forsberg,NSH,POINTS,0.5,-148.0,115.0,draftkings,0.3403,0.4182834885882933,0.416,0.4182834885882933
2025-10-18,Morgan Frost,CGY,POINTS,0.5,148.0,-192.0,fanduel,0.5716,0.4174708885523586,0.848,0.4174708885523586
2025-10-18,Macklin Celebrini,SJS,GOALS,0.5,210.0,-300.0,fanduel,0.457,0.4166530282360797,0.611,0.4166530282360797
2025-10-18,Auston Matthews,TOR,POINTS,1.5,165.0,-218.0,draftkings,0.0292,0.4161908954512109,0.263,0.4161908954512109
2025-10-18,Morgan Rielly,TOR,POINTS,0.5,-113.0,-113.0,fanduel,0.2489,0.4157900302635201,0.286,0.4157900302635201
2025-10-18,Rickard Rakell,PIT,POINTS,0.5,-194.0,144.0,pinnacle,0.4198,0.4156156221814792,0.544,0.4156156221814792
2025-10-18,Mike Matheson,MTL,POINTS,0.5,176.0,-230.0,fanduel,0.5127,0.4151350746667694,0.719,0.4151350746667694
2025-10-18,Matthew Knies,TOR,POINTS,0.5,-175.0,135.0,draftkings,0.398,0.4146750217372259,0.508,0.4146750217372259
2025-10-18,Anders Lee,NYI,POINTS,0.5,135.0,-175.0,draftkings,0.1001,0.4141891124222465,0.105,0.4141891124222465
2025-10-18,Rickard Rakell,PIT,SOG,2.5,-111.0,-119.0,pinnacle,0.7436,0.4134327360291144,3.879,0.4134327360291144
2025-10-18,Jonathan Drouin,NYI,POINTS,0.5,-120.0,-110.0,draftkings,0.2611,0.4106069961057768,0.303,0.4106069961057768
2025-10-18,Jeff Skinner,SJS,POINTS,0.5,139.0,-187.0,pinnacle,0.5896,0.4092109270483448,0.891,0.4092109270483448
2025-10-18,John Tavares,TOR,POINTS,0.5,-172.0,134.0,fanduel,0.398,0.4087689856276805,0.507,0.4087689856276805
2025-10-18,Tim Stützle,OTT,POINTS,0.5,-203.0,150.0,pinnacle,0.4368,0.4079969120139468,0.574,0.4079969120139468
2025-10-18,Jack Quinn,BUF,POINTS,0.5,140.0,-182.0,draftkings,0.5863,0.4070532323266657,0.883,0.4070532323266657
2025-10-18,Darnell Nurse,EDM,SOG,1.5,-143.0,107.0,pinnacle,0.8273,0.4058863501892282,3.189,0.4058863501892282
2025-10-18,Taylor Hall,CAR,POINTS,0.5,130.0,-168.0,draftkings,0.1202,0.4034130370357268,0.128,0.4034130370357268
2025-10-18,Brendan Gallagher,MTL,POINTS,0.5,153.0,-208.0,pinnacle,0.5538,0.4011098325945715,0.807,0.4011098325945715
2025-10-18,Jason Zucker,BUF,SOG,1.5,-162.0,126.0,draftkings,0.8658,0.400233365003328,3.516,0.400233365003328
2025-10-19,Viktor Arvidsson,BOS,ASSISTS,0.5,340.0,-500.0,draftkings,0.483,1.1251477289277043,0.66,1.1251477289277043
2025-10-19,Elias Lindholm,BOS,SOG,2.5,126.0,-165.0,fanduel,0.6874,0.5534737883846402,3.545,0.5534737883846402
2025-10-19,Morgan Geekie,BOS,GOALS,0.5,240.0,-350.0,fanduel,0.4557,0.5495230925186907,0.608,0.5495230925186907
2025-10-19,Elias Lindholm,BOS,SOG,1.5,-191.0,142.0,pinnacle,0.8688,0.3236416369791892,3.545,0.3236416369791892
2025-10-19,Pavel Zacha,BOS,SOG,1.5,-154.0,118.0,fanduel,0.4322,0.2378035300656525,1.47,0.2378035300656525
2025-10-19,David Pastrnak,BOS,SOG,3.5,-104.0,-125.0,fanduel,0.3358,0.1956190815509689,2.924,0.1956190815509689
2025-10-19,Morgan Geekie,BOS,SOG,1.5,-135.0,105.0,draftkings,0.4214,0.1860838980316479,1.439,0.1860838980316479
2025-10-19,Charlie McAvoy,BOS,POINTS,0.5,119.0,-158.0,pinnacle,0.2751,0.1837249975528491,0.322,0.1837249975528491
2025-10-19,David Pastrnak,BOS,ASSISTS,0.5,-116.0,-114.0,pinnacle,0.6292,0.1716417261831607,0.992,0.1716417261831607
2025-10-19,David Pastrnak,BOS,POINTS,1.5,168.0,-220.0,fanduel,0.426,0.1417130795936839,1.452,0.1417130795936839
2025-10-19,Casey Mittelstadt,BOS,POINTS,0.5,200.0,-290.0,pinnacle,0.155,0.1363164619612266,0.168,0.1363164619612266
2025-10-19,Morgan Geekie,BOS,POINTS,0.5,-130.0,100.0,draftkings,0.6304,0.1153903268185517,0.995,0.1153903268185517
2025-10-19,Pavel Zacha,BOS,GOALS,0.5,400.0,-650.0,fanduel,0.2175,0.0876677847810258,0.245,0.0876677847810258
2025-10-19,Pavel Zacha,BOS,POINTS,0.5,115.0,-148.0,draftkings,0.5054,0.0866380497399237,0.704,0.0866380497399237
2025-10-19,Casey Mittelstadt,BOS,ASSISTS,0.5,280.0,-425.0,pinnacle,0.2855,0.0847699673574507,0.336,0.0847699673574507
2025-10-19,Mason Lohrei,BOS,POINTS,0.5,220.0,-312.0,pinnacle,0.2016,0.0542521970268146,0.225,0.0542521970268146
2025-10-19,Charlie McAvoy,BOS,ASSISTS,0.5,162.0,-220.0,pinnacle,0.279,0.0487649142285192,0.327,0.0487649142285192
2025-10-19,Viktor Arvidsson,BOS,SOG,1.5,-210.0,158.0,fanduel,0.5953,0.0440608729532794,2.005,0.0440608729532794
2025-10-19,Morgan Geekie,BOS,ASSISTS,0.5,165.0,-224.0,pinnacle,0.279,0.0429124314482261,0.327,0.0429124314482261
2025-10-19,Pavel Zacha,BOS,ASSISTS,0.5,190.0,-255.0,draftkings,0.3544,0.0277045357950654,0.438,0.0277045357950654
2025-10-19,Mason Lohrei,BOS,ASSISTS,0.5,260.0,-370.0,draftkings,0.2082,0.005856215254527,0.233,0.005856215254527
2025-10-19,Casey Mittelstadt,BOS,GOALS,0.5,460.0,-750.0,fanduel,0.1147,0.0032903001643449,0.122,0.0032903001643449
2025-10-19,Charlie McAvoy,BOS,SOG,1.5,-113.0,-115.0,fanduel,0.4643,0.0015000655657216,1.567,0.0015000655657216
