player_id,player,full_name,position,team_id,team_abbr,team_name,image_url
8482947,Zakhar Bardakov,Zakhar Bardakov,F,,COL,Colorado Avalanche,https://assets.nhle.com/mugs/nhl/20252026/COL/8482947.png
8484149,Gavin Brindley,Gavin Brindley,F,,COL,Colorado Avalanche,https://assets.nhle.com/mugs/nhl/20252026/COL/8484149.png
8479525,Ross Colton,Ross Colton,F,,COL,Colorado Avalanche,https://assets.nhle.com/mugs/nhl/20252026/COL/8479525.png
8480835,Jack Drury,Jack Drury,F,,COL,Colorado Avalanche,https://assets.nhle.com/mugs/nhl/20252026/COL/8480835.png
8480448,Parker Kelly,Parker Kelly,F,,COL,Colorado Avalanche,https://assets.nhle.com/mugs/nhl/20252026/COL/8480448.png
8481641,Joel Kiviranta,Joel Kiviranta,F,,COL,Colorado Avalanche,https://assets.nhle.com/mugs/nhl/20252026/COL/8481641.png
8476455,Gabriel Landeskog,Gabriel Landeskog,F,,COL,Colorado Avalanche,https://assets.nhle.com/mugs/nhl/20252026/COL/8476455.png
8477476,Artturi Lehkonen,Artturi Lehkonen,F,,COL,Colorado Avalanche,https://assets.nhle.com/mugs/nhl/20252026/COL/8477476.png
8477492,Nathan MacKinnon,Nathan MacKinnon,F,,COL,Colorado Avalanche,https://assets.nhle.com/mugs/nhl/20252026/COL/8477492.png
8480039,Martin Necas,Martin Necas,F,,COL,Colorado Avalanche,https://assets.nhle.com/mugs/nhl/20252026/COL/8480039.png
8475754,Brock Nelson,Brock Nelson,F,,COL,Colorado Avalanche,https://assets.nhle.com/mugs/nhl/20252026/COL/8475754.png
8477501,Valeri Nichushkin,Valeri Nichushkin,F,,COL,Colorado Avalanche,https://assets.nhle.com/mugs/nhl/20252026/COL/8477501.png
8478109,Victor Olofsson,Victor Olofsson,F,,COL,Colorado Avalanche,https://assets.nhle.com/mugs/nhl/20252026/COL/8478109.png
8470613,Brent Burns,Brent Burns,D,,COL,Colorado Avalanche,https://assets.nhle.com/mugs/nhl/20252026/COL/8470613.png
8479398,Samuel Girard,Samuel Girard,D,,COL,Colorado Avalanche,https://assets.nhle.com/mugs/nhl/20252026/COL/8479398.png
8480069,Cale Makar,Cale Makar,D,,COL,Colorado Avalanche,https://assets.nhle.com/mugs/nhl/20252026/COL/8480069.png
8484258,Sam Malinski,Sam Malinski,D,,COL,Colorado Avalanche,https://assets.nhle.com/mugs/nhl/20252026/COL/8484258.png
8476312,Josh Manson,Josh Manson,D,,COL,Colorado Avalanche,https://assets.nhle.com/mugs/nhl/20252026/COL/8476312.png
8482470,Ilya Solovyov,Ilya Solovyov,D,,COL,Colorado Avalanche,https://assets.nhle.com/mugs/nhl/20252026/COL/8482470.png
8478038,Devon Toews,Devon Toews,D,,COL,Colorado Avalanche,https://assets.nhle.com/mugs/nhl/20252026/COL/8478038.png
8478406,Mackenzie Blackwood,Mackenzie Blackwood,G,,COL,Colorado Avalanche,https://assets.nhle.com/mugs/nhl/20252026/COL/8478406.png
8475809,Scott Wedgewood,Scott Wedgewood,G,,COL,Colorado Avalanche,https://assets.nhle.com/mugs/nhl/20252026/COL/8475809.png
8479414,Nathan Bastian,Nathan Bastian,F,,DAL,Dallas Stars,https://assets.nhle.com/mugs/nhl/20252026/DAL/8479414.png
8473994,Jamie Benn,Jamie Benn,F,,DAL,Dallas Stars,https://assets.nhle.com/mugs/nhl/20252026/DAL/8473994.png
8476278,Colin Blackwell,Colin Blackwell,F,,DAL,Dallas Stars,https://assets.nhle.com/mugs/nhl/20252026/DAL/8476278.png
8482145,Mavrik Bourque,Mavrik Bourque,F,,DAL,Dallas Stars,https://assets.nhle.com/mugs/nhl/20252026/DAL/8482145.png
8480840,Oskar Bäck,Oskar Bäck,F,,DAL,Dallas Stars,https://assets.nhle.com/mugs/nhl/20252026/DAL/8480840.png
8475168,Matt Duchene,Matt Duchene,F,,DAL,Dallas Stars,https://assets.nhle.com/mugs/nhl/20252026/DAL/8475168.png
8477454,Adam Erne,Adam Erne,F,,DAL,Dallas Stars,https://assets.nhle.com/mugs/nhl/20252026/DAL/8477454.png
8476889,Radek Faksa,Radek Faksa,F,,DAL,Dallas Stars,https://assets.nhle.com/mugs/nhl/20252026/DAL/8476889.png
8478449,Roope Hintz,Roope Hintz,F,,DAL,Dallas Stars,https://assets.nhle.com/mugs/nhl/20252026/DAL/8478449.png
8484829,Justin Hryckowian,Justin Hryckowian,F,,DAL,Dallas Stars,https://assets.nhle.com/mugs/nhl/20252026/DAL/8484829.png
8482740,Wyatt Johnston,Wyatt Johnston,F,,DAL,Dallas Stars,https://assets.nhle.com/mugs/nhl/20252026/DAL/8482740.png
8478420,Mikko Rantanen,Mikko Rantanen,F,,DAL,Dallas Stars,https://assets.nhle.com/mugs/nhl/20252026/DAL/8478420.png
8480027,Jason Robertson,Jason Robertson,F,,DAL,Dallas Stars,https://assets.nhle.com/mugs/nhl/20252026/DAL/8480027.png
8475794,Tyler Seguin,Tyler Seguin,F,,DAL,Dallas Stars,https://assets.nhle.com/mugs/nhl/20252026/DAL/8475794.png
8479351,Sam Steel,Sam Steel,F,,DAL,Dallas Stars,https://assets.nhle.com/mugs/nhl/20252026/DAL/8479351.png
8483425,Lian Bichsel,Lian Bichsel,D,,DAL,Dallas Stars,https://assets.nhle.com/mugs/nhl/20252026/DAL/8483425.png
8478476,Kyle Capobianco,Kyle Capobianco,D,,DAL,Dallas Stars,https://assets.nhle.com/mugs/nhl/20252026/DAL/8478476.png
8481581,Thomas Harley,Thomas Harley,D,,DAL,Dallas Stars,https://assets.nhle.com/mugs/nhl/20252026/DAL/8481581.png
8480036,Miro Heiskanen,Miro Heiskanen,D,,DAL,Dallas Stars,https://assets.nhle.com/mugs/nhl/20252026/DAL/8480036.png
8481609,Vladislav Kolyachonok,Vladislav Kolyachonok,D,,DAL,Dallas Stars,https://assets.nhle.com/mugs/nhl/20252026/DAL/8481609.png
8476902,Esa Lindell,Esa Lindell,D,,DAL,Dallas Stars,https://assets.nhle.com/mugs/nhl/20252026/DAL/8476902.png
8480878,Nils Lundkvist,Nils Lundkvist,D,,DAL,Dallas Stars,https://assets.nhle.com/mugs/nhl/20252026/DAL/8480878.png
8480950,Ilya Lyubushkin,Ilya Lyubushkin,D,,DAL,Dallas Stars,https://assets.nhle.com/mugs/nhl/20252026/DAL/8480950.png
8475755,Alexander Petrovic,Alexander Petrovic,D,,DAL,Dallas Stars,https://assets.nhle.com/mugs/nhl/20252026/DAL/8475755.png
8479193,Casey DeSmith,Casey DeSmith,G,,DAL,Dallas Stars,https://assets.nhle.com/mugs/nhl/20252026/DAL/8479193.png
8479979,Jake Oettinger,Jake Oettinger,G,,DAL,Dallas Stars,https://assets.nhle.com/mugs/nhl/20252026/DAL/8479979.png
8478427,Sebastian Aho,Sebastian Aho,F,,CAR,Carolina Hurricanes,https://assets.nhle.com/mugs/nhl/20252026/CAR/8478427.png
8482809,Jackson Blake,Jackson Blake,F,,CAR,Carolina Hurricanes,https://assets.nhle.com/mugs/nhl/20252026/CAR/8482809.png
8477478,William Carrier,William Carrier,F,,CAR,Carolina Hurricanes,https://assets.nhle.com/mugs/nhl/20252026/CAR/8477478.png
8477940,Nikolaj Ehlers,Nikolaj Ehlers,F,,CAR,Carolina Hurricanes,https://assets.nhle.com/mugs/nhl/20252026/CAR/8477940.png
8475791,Taylor Hall,Taylor Hall,F,,CAR,Carolina Hurricanes,https://assets.nhle.com/mugs/nhl/20252026/CAR/8475791.png
8476873,Mark Jankowski,Mark Jankowski,F,,CAR,Carolina Hurricanes,https://assets.nhle.com/mugs/nhl/20252026/CAR/8476873.png
8482093,Seth Jarvis,Seth Jarvis,F,,CAR,Carolina Hurricanes,https://assets.nhle.com/mugs/nhl/20252026/CAR/8482093.png
8480829,Jesperi Kotkaniemi,Jesperi Kotkaniemi,F,,CAR,Carolina Hurricanes,https://assets.nhle.com/mugs/nhl/20252026/CAR/8480829.png
8476921,Jordan Martinook,Jordan Martinook,F,,CAR,Carolina Hurricanes,https://assets.nhle.com/mugs/nhl/20252026/CAR/8476921.png
8480762,Eric Robinson,Eric Robinson,F,,CAR,Carolina Hurricanes,https://assets.nhle.com/mugs/nhl/20252026/CAR/8480762.png
8473533,Jordan Staal,Jordan Staal,F,,CAR,Carolina Hurricanes,https://assets.nhle.com/mugs/nhl/20252026/CAR/8473533.png
8482702,Logan Stankoven,Logan Stankoven,F,,CAR,Carolina Hurricanes,https://assets.nhle.com/mugs/nhl/20252026/CAR/8482702.png
8480830,Andrei Svechnikov,Andrei Svechnikov,F,,CAR,Carolina Hurricanes,https://assets.nhle.com/mugs/nhl/20252026/CAR/8480830.png
8478970,Jalen Chatfield,Jalen Chatfield,D,,CAR,Carolina Hurricanes,https://assets.nhle.com/mugs/nhl/20252026/CAR/8478970.png
8476906,Shayne Gostisbehere,Shayne Gostisbehere,D,,CAR,Carolina Hurricanes,https://assets.nhle.com/mugs/nhl/20252026/CAR/8476906.png
8484428,Charles Alexis Legault,Charles Alexis Legault,D,,CAR,Carolina Hurricanes,https://assets.nhle.com/mugs/nhl/20252026/CAR/8484428.png
8480817,K'Andre Miller,K'Andre Miller,D,,CAR,Carolina Hurricanes,https://assets.nhle.com/mugs/nhl/20252026/CAR/8480817.png
8482100,Alexander Nikishin,Alexander Nikishin,D,,CAR,Carolina Hurricanes,https://assets.nhle.com/mugs/nhl/20252026/CAR/8482100.png
8476422,Mike Reilly,Mike Reilly,D,,CAR,Carolina Hurricanes,https://assets.nhle.com/mugs/nhl/20252026/CAR/8476422.png
8476958,Jaccob Slavin,Jaccob Slavin,D,,CAR,Carolina Hurricanes,https://assets.nhle.com/mugs/nhl/20252026/CAR/8476958.png
8480336,Sean Walker,Sean Walker,D,,CAR,Carolina Hurricanes,https://assets.nhle.com/mugs/nhl/20252026/CAR/8480336.png
8475883,Frederik Andersen,Frederik Andersen,G,,CAR,Carolina Hurricanes,https://assets.nhle.com/mugs/nhl/20252026/CAR/8475883.png
8483548,Brandon Bussi,Brandon Bussi,G,,CAR,Carolina Hurricanes,https://assets.nhle.com/mugs/nhl/20252026/CAR/8483548.png
8481611,Pyotr Kochetkov,Pyotr Kochetkov,G,,CAR,Carolina Hurricanes,https://assets.nhle.com/mugs/nhl/20252026/CAR/8481611.png
8477979,Nicolas Aube-Kubel,Nicolas Aube-Kubel,F,,MIN,Minnesota Wild,https://assets.nhle.com/mugs/nhl/20252026/MIN/8477979.png
8481557,Matt Boldy,Matt Boldy,F,,MIN,Minnesota Wild,https://assets.nhle.com/mugs/nhl/20252026/MIN/8481557.png
8478493,Joel Eriksson Ek,Joel Eriksson Ek,F,,MIN,Minnesota Wild,https://assets.nhle.com/mugs/nhl/20252026/MIN/8478493.png
8475220,Marcus Foligno,Marcus Foligno,F,,MIN,Minnesota Wild,https://assets.nhle.com/mugs/nhl/20252026/MIN/8475220.png
8483452,Hunter Haight,Hunter Haight,F,,MIN,Minnesota Wild,https://assets.nhle.com/mugs/nhl/20252026/MIN/8483452.png
8477451,Ryan Hartman,Ryan Hartman,F,,MIN,Minnesota Wild,https://assets.nhle.com/mugs/nhl/20252026/MIN/8477451.png
8476994,Vinnie Hinostroza,Vinnie Hinostroza,F,,MIN,Minnesota Wild,https://assets.nhle.com/mugs/nhl/20252026/MIN/8476994.png
8475149,Marcus Johansson,Marcus Johansson,F,,MIN,Minnesota Wild,https://assets.nhle.com/mugs/nhl/20252026/MIN/8475149.png
8480259,Ben Jones,Ben Jones,F,,MIN,Minnesota Wild,https://assets.nhle.com/mugs/nhl/20252026/MIN/8480259.png
8478864,Kirill Kaprizov,Kirill Kaprizov,F,,MIN,Minnesota Wild,https://assets.nhle.com/mugs/nhl/20252026/MIN/8478864.png
8475752,Tyler Pitlick,Tyler Pitlick,F,,MIN,Minnesota Wild,https://assets.nhle.com/mugs/nhl/20252026/MIN/8475752.png
8481477,Nico Sturm,Nico Sturm,F,,MIN,Minnesota Wild,https://assets.nhle.com/mugs/nhl/20252026/MIN/8481477.png
8475765,Vladimir Tarasenko,Vladimir Tarasenko,F,,MIN,Minnesota Wild,https://assets.nhle.com/mugs/nhl/20252026/MIN/8475765.png
8478508,Yakov Trenin,Yakov Trenin,F,,MIN,Minnesota Wild,https://assets.nhle.com/mugs/nhl/20252026/MIN/8478508.png
8483525,Danila Yurov,Danila Yurov,F,,MIN,Minnesota Wild,https://assets.nhle.com/mugs/nhl/20252026/MIN/8483525.png
8475692,Mats Zuccarello,Mats Zuccarello,F,,MIN,Minnesota Wild,https://assets.nhle.com/mugs/nhl/20252026/MIN/8475692.png
8474567,Zach Bogosian,Zach Bogosian,D,,MIN,Minnesota Wild,https://assets.nhle.com/mugs/nhl/20252026/MIN/8474567.png
8476463,Jonas Brodin,Jonas Brodin,D,,MIN,Minnesota Wild,https://assets.nhle.com/mugs/nhl/20252026/MIN/8476463.png
8482122,Brock Faber,Brock Faber,D,,MIN,Minnesota Wild,https://assets.nhle.com/mugs/nhl/20252026/MIN/8482122.png
8480800,Quinn Hughes,Quinn Hughes,D,,MIN,Minnesota Wild,https://assets.nhle.com/mugs/nhl/20252026/MIN/8480800.png
8482094,Daemon Hunt,Daemon Hunt,D,,MIN,Minnesota Wild,https://assets.nhle.com/mugs/nhl/20252026/MIN/8482094.png
8483460,David Jiricek,David Jiricek,D,,MIN,Minnesota Wild,https://assets.nhle.com/mugs/nhl/20252026/MIN/8483460.png
8482641,Matt Kiersted,Matt Kiersted,D,,MIN,Minnesota Wild,https://assets.nhle.com/mugs/nhl/20252026/MIN/8482641.png
8478136,Jake Middleton,Jake Middleton,D,,MIN,Minnesota Wild,https://assets.nhle.com/mugs/nhl/20252026/MIN/8478136.png
8474716,Jared Spurgeon,Jared Spurgeon,D,,MIN,Minnesota Wild,https://assets.nhle.com/mugs/nhl/20252026/MIN/8474716.png
8479406,Filip Gustavsson,Filip Gustavsson,G,,MIN,Minnesota Wild,https://assets.nhle.com/mugs/nhl/20252026/MIN/8479406.png
8482661,Jesper Wallstedt,Jesper Wallstedt,G,,MIN,Minnesota Wild,https://assets.nhle.com/mugs/nhl/20252026/MIN/8482661.png
8477964,Ivan Barbashev,Ivan Barbashev,F,,VGK,Vegas Golden Knights,https://assets.nhle.com/mugs/nhl/20252026/VGK/8477964.png
8483890,Braeden Bowman,Braeden Bowman,F,,VGK,Vegas Golden Knights,https://assets.nhle.com/mugs/nhl/20252026/VGK/8483890.png
8481604,Pavel Dorofeyev,Pavel Dorofeyev,F,,VGK,Vegas Golden Knights,https://assets.nhle.com/mugs/nhl/20252026/VGK/8481604.png
8478403,Jack Eichel,Jack Eichel,F,,VGK,Vegas Golden Knights,https://assets.nhle.com/mugs/nhl/20252026/VGK/8478403.png
8476881,Tomas Hertl,Tomas Hertl,F,,VGK,Vegas Golden Knights,https://assets.nhle.com/mugs/nhl/20252026/VGK/8476881.png
8482125,Alexander Holtz,Alexander Holtz,F,,VGK,Vegas Golden Knights,https://assets.nhle.com/mugs/nhl/20252026/VGK/8482125.png
8479353,Brett Howden,Brett Howden,F,,VGK,Vegas Golden Knights,https://assets.nhle.com/mugs/nhl/20252026/VGK/8479353.png
8476448,William Karlsson,William Karlsson,F,,VGK,Vegas Golden Knights,https://assets.nhle.com/mugs/nhl/20252026/VGK/8476448.png
8478434,Keegan Kolesar,Keegan Kolesar,F,,VGK,Vegas Golden Knights,https://assets.nhle.com/mugs/nhl/20252026/VGK/8478434.png
8478483,Mitch Marner,Mitch Marner,F,,VGK,Vegas Golden Knights,https://assets.nhle.com/mugs/nhl/20252026/VGK/8478483.png
8481133,Cole Reinhardt,Cole Reinhardt,F,,VGK,Vegas Golden Knights,https://assets.nhle.com/mugs/nhl/20252026/VGK/8481133.png
8476438,Brandon Saad,Brandon Saad,F,,VGK,Vegas Golden Knights,https://assets.nhle.com/mugs/nhl/20252026/VGK/8476438.png
8476925,Colton Sissons,Colton Sissons,F,,VGK,Vegas Golden Knights,https://assets.nhle.com/mugs/nhl/20252026/VGK/8476925.png
8475191,Reilly Smith,Reilly Smith,F,,VGK,Vegas Golden Knights,https://assets.nhle.com/mugs/nhl/20252026/VGK/8475191.png
8475913,Mark Stone,Mark Stone,F,,VGK,Vegas Golden Knights,https://assets.nhle.com/mugs/nhl/20252026/VGK/8475913.png
8478396,Noah Hanifin,Noah Hanifin,D,,VGK,Vegas Golden Knights,https://assets.nhle.com/mugs/nhl/20252026/VGK/8478396.png
8477018,Ben Hutton,Ben Hutton,D,,VGK,Vegas Golden Knights,https://assets.nhle.com/mugs/nhl/20252026/VGK/8477018.png
8481527,Kaedan Korczak,Kaedan Korczak,D,,VGK,Vegas Golden Knights,https://assets.nhle.com/mugs/nhl/20252026/VGK/8481527.png
8478468,Jeremy Lauzon,Jeremy Lauzon,D,,VGK,Vegas Golden Knights,https://assets.nhle.com/mugs/nhl/20252026/VGK/8478468.png
8475188,Brayden McNabb,Brayden McNabb,D,,VGK,Vegas Golden Knights,https://assets.nhle.com/mugs/nhl/20252026/VGK/8475188.png
8477447,Shea Theodore,Shea Theodore,D,,VGK,Vegas Golden Knights,https://assets.nhle.com/mugs/nhl/20252026/VGK/8477447.png
8480727,Zach Whitecloud,Zach Whitecloud,D,,VGK,Vegas Golden Knights,https://assets.nhle.com/mugs/nhl/20252026/VGK/8480727.png
8479394,Carter Hart,Carter Hart,G,,VGK,Vegas Golden Knights,https://assets.nhle.com/mugs/nhl/20252026/VGK/8479394.png
8478499,Adin Hill,Adin Hill,G,,VGK,Vegas Golden Knights,https://assets.nhle.com/mugs/nhl/20252026/VGK/8478499.png
8481033,Akira Schmid,Akira Schmid,G,,VGK,Vegas Golden Knights,https://assets.nhle.com/mugs/nhl/20252026/VGK/8481033.png
8478445,Mathew Barzal,Mathew Barzal,F,,NYI,New York Islanders,https://assets.nhle.com/mugs/nhl/20252026/NYI/8478445.png
8475231,Casey Cizikas,Casey Cizikas,F,,NYI,New York Islanders,https://assets.nhle.com/mugs/nhl/20252026/NYI/8475231.png
8477494,Jonathan Drouin,Jonathan Drouin,F,,NYI,New York Islanders,https://assets.nhle.com/mugs/nhl/20252026/NYI/8477494.png
8477407,Anthony Duclair,Anthony Duclair,F,,NYI,New York Islanders,https://assets.nhle.com/mugs/nhl/20252026/NYI/8477407.png
8483553,Marc Gatcomb,Marc Gatcomb,F,,NYI,New York Islanders,https://assets.nhle.com/mugs/nhl/20252026/NYI/8483553.png
8482476,Emil Heineman,Emil Heineman,F,,NYI,New York Islanders,https://assets.nhle.com/mugs/nhl/20252026/NYI/8482476.png
8481601,Simon Holmstrom,Simon Holmstrom,F,,NYI,New York Islanders,https://assets.nhle.com/mugs/nhl/20252026/NYI/8481601.png
8477500,Bo Horvat,Bo Horvat,F,,NYI,New York Islanders,https://assets.nhle.com/mugs/nhl/20252026/NYI/8477500.png
8475314,Anders Lee,Anders Lee,F,,NYI,New York Islanders,https://assets.nhle.com/mugs/nhl/20252026/NYI/8475314.png
8481237,Kyle MacLean,Kyle MacLean,F,,NYI,New York Islanders,https://assets.nhle.com/mugs/nhl/20252026/NYI/8481237.png
8476419,Jean-Gabriel Pageau,Jean-Gabriel Pageau,F,,NYI,New York Islanders,https://assets.nhle.com/mugs/nhl/20252026/NYI/8476419.png
8475151,Kyle Palmieri,Kyle Palmieri,F,,NYI,New York Islanders,https://assets.nhle.com/mugs/nhl/20252026/NYI/8475151.png
8484221,Calum Ritchie,Calum Ritchie,F,,NYI,New York Islanders,https://assets.nhle.com/mugs/nhl/20252026/NYI/8484221.png
8485702,Max Shabanov,Max Shabanov,F,,NYI,New York Islanders,https://assets.nhle.com/mugs/nhl/20252026/NYI/8485702.png
8484958,Maxim Tsyplakov,Maxim Tsyplakov,F,,NYI,New York Islanders,https://assets.nhle.com/mugs/nhl/20252026/NYI/8484958.png
8478451,Ethan Bear,Ethan Bear,D,,NYI,New York Islanders,https://assets.nhle.com/mugs/nhl/20252026/NYI/8478451.png
8480871,Adam Boqvist,Adam Boqvist,D,,NYI,New York Islanders,https://assets.nhle.com/mugs/nhl/20252026/NYI/8480871.png
8477950,Tony DeAngelo,Tony DeAngelo,D,,NYI,New York Islanders,https://assets.nhle.com/mugs/nhl/20252026/NYI/8477950.png
8476429,Scott Mayfield,Scott Mayfield,D,,NYI,New York Islanders,https://assets.nhle.com/mugs/nhl/20252026/NYI/8476429.png
8484262,Travis Mitchell,Travis Mitchell,D,,NYI,New York Islanders,https://assets.nhle.com/mugs/nhl/20252026/NYI/8484262.png
8476917,Adam Pelech,Adam Pelech,D,,NYI,New York Islanders,https://assets.nhle.com/mugs/nhl/20252026/NYI/8476917.png
8477506,Ryan Pulock,Ryan Pulock,D,,NYI,New York Islanders,https://assets.nhle.com/mugs/nhl/20252026/NYI/8477506.png
8481014,Alexander Romanov,Alexander Romanov,D,,NYI,New York Islanders,https://assets.nhle.com/mugs/nhl/20252026/NYI/8481014.png
8485366,Matthew Schaefer,Matthew Schaefer,D,,NYI,New York Islanders,https://assets.nhle.com/mugs/nhl/20252026/NYI/8485366.png
8479496,David Rittich,David Rittich,G,,NYI,New York Islanders,https://assets.nhle.com/mugs/nhl/20252026/NYI/8479496.png
8478009,Ilya Sorokin,Ilya Sorokin,G,,NYI,New York Islanders,https://assets.nhle.com/mugs/nhl/20252026/NYI/8478009.png
8473575,Semyon Varlamov,Semyon Varlamov,G,,NYI,New York Islanders,https://assets.nhle.com/mugs/nhl/20252026/NYI/8473575.png
8478463,Anthony Beauvillier,Anthony Beauvillier,F,,WSH,Washington Capitals,https://assets.nhle.com/mugs/nhl/20252026/WSH/8478463.png
8475343,Nic Dowd,Nic Dowd,F,,WSH,Washington Capitals,https://assets.nhle.com/mugs/nhl/20252026/WSH/8475343.png
8479400,Pierre-Luc Dubois,Pierre-Luc Dubois,F,,WSH,Washington Capitals,https://assets.nhle.com/mugs/nhl/20252026/WSH/8479400.png
8479520,Brandon Duhaime,Brandon Duhaime,F,,WSH,Washington Capitals,https://assets.nhle.com/mugs/nhl/20252026/WSH/8479520.png
8483573,Ethen Frank,Ethen Frank,F,,WSH,Washington Capitals,https://assets.nhle.com/mugs/nhl/20252026/WSH/8483573.png
8482148,Hendrix Lapierre,Hendrix Lapierre,F,,WSH,Washington Capitals,https://assets.nhle.com/mugs/nhl/20252026/WSH/8482148.png
8484186,Ryan Leonard,Ryan Leonard,F,,WSH,Washington Capitals,https://assets.nhle.com/mugs/nhl/20252026/WSH/8484186.png
8481580,Connor McMichael,Connor McMichael,F,,WSH,Washington Capitals,https://assets.nhle.com/mugs/nhl/20252026/WSH/8481580.png
8477947,Sonny Milano,Sonny Milano,F,,WSH,Washington Capitals,https://assets.nhle.com/mugs/nhl/20252026/WSH/8477947.png
8471214,Alex Ovechkin,Alex Ovechkin,F,,WSH,Washington Capitals,https://assets.nhle.com/mugs/nhl/20252026/WSH/8471214.png
8481656,Aliaksei Protas,Aliaksei Protas,F,,WSH,Washington Capitals,https://assets.nhle.com/mugs/nhl/20252026/WSH/8481656.png
8482088,Justin Sourdif,Justin Sourdif,F,,WSH,Washington Capitals,https://assets.nhle.com/mugs/nhl/20252026/WSH/8482088.png
8478440,Dylan Strome,Dylan Strome,F,,WSH,Washington Capitals,https://assets.nhle.com/mugs/nhl/20252026/WSH/8478440.png
8476880,Tom Wilson,Tom Wilson,F,,WSH,Washington Capitals,https://assets.nhle.com/mugs/nhl/20252026/WSH/8476880.png
8474590,John Carlson,John Carlson,D,,WSH,Washington Capitals,https://assets.nhle.com/mugs/nhl/20252026/WSH/8474590.png
8480990,Declan Chisholm,Declan Chisholm,D,,WSH,Washington Capitals,https://assets.nhle.com/mugs/nhl/20252026/WSH/8480990.png
8479345,Jakob Chychrun,Jakob Chychrun,D,,WSH,Washington Capitals,https://assets.nhle.com/mugs/nhl/20252026/WSH/8479345.png
8480796,Martin Fehérváry,Martin Fehérváry,D,,WSH,Washington Capitals,https://assets.nhle.com/mugs/nhl/20252026/WSH/8480796.png
8475795,Dylan McIlrath,Dylan McIlrath,D,,WSH,Washington Capitals,https://assets.nhle.com/mugs/nhl/20252026/WSH/8475795.png
8478911,Matt Roy,Matt Roy,D,,WSH,Washington Capitals,https://assets.nhle.com/mugs/nhl/20252026/WSH/8478911.png
8480873,Rasmus Sandin,Rasmus Sandin,D,,WSH,Washington Capitals,https://assets.nhle.com/mugs/nhl/20252026/WSH/8480873.png
8477845,Trevor van Riemsdyk,Trevor van Riemsdyk,D,,WSH,Washington Capitals,https://assets.nhle.com/mugs/nhl/20252026/WSH/8477845.png
8479292,Charlie Lindgren,Charlie Lindgren,G,,WSH,Washington Capitals,https://assets.nhle.com/mugs/nhl/20252026/WSH/8479292.png
8480313,Logan Thompson,Logan Thompson,G,,WSH,Washington Capitals,https://assets.nhle.com/mugs/nhl/20252026/WSH/8480313.png
8477416,Oliver Bjorkstrand,Oliver Bjorkstrand,F,,TBL,Tampa Bay Lightning,https://assets.nhle.com/mugs/nhl/20252026/TBL/8477416.png
8478519,Anthony Cirelli,Anthony Cirelli,F,,TBL,Tampa Bay Lightning,https://assets.nhle.com/mugs/nhl/20252026/TBL/8478519.png
8480876,Curtis Douglas,Curtis Douglas,F,,TBL,Tampa Bay Lightning,https://assets.nhle.com/mugs/nhl/20252026/TBL/8480876.png
8482090,Jack Finley,Jack Finley,F,,TBL,Tampa Bay Lightning,https://assets.nhle.com/mugs/nhl/20252026/TBL/8482090.png
8476878,Zemgus Girgensons,Zemgus Girgensons,F,,TBL,Tampa Bay Lightning,https://assets.nhle.com/mugs/nhl/20252026/TBL/8476878.png
8482201,Gage Goncalves,Gage Goncalves,F,,TBL,Tampa Bay Lightning,https://assets.nhle.com/mugs/nhl/20252026/TBL/8482201.png
8476826,Yanni Gourde,Yanni Gourde,F,,TBL,Tampa Bay Lightning,https://assets.nhle.com/mugs/nhl/20252026/TBL/8476826.png
8477404,Jake Guentzel,Jake Guentzel,F,,TBL,Tampa Bay Lightning,https://assets.nhle.com/mugs/nhl/20252026/TBL/8477404.png
8479542,Brandon Hagel,Brandon Hagel,F,,TBL,Tampa Bay Lightning,https://assets.nhle.com/mugs/nhl/20252026/TBL/8479542.png
8480995,Pontus Holmberg,Pontus Holmberg,F,,TBL,Tampa Bay Lightning,https://assets.nhle.com/mugs/nhl/20252026/TBL/8480995.png
8483752,Dominic James,Dominic James,F,,TBL,Tampa Bay Lightning,https://assets.nhle.com/mugs/nhl/20252026/TBL/8483752.png
8476453,Nikita Kucherov,Nikita Kucherov,F,,TBL,Tampa Bay Lightning,https://assets.nhle.com/mugs/nhl/20252026/TBL/8476453.png
8477426,Nick Paul,Nick Paul,F,,TBL,Tampa Bay Lightning,https://assets.nhle.com/mugs/nhl/20252026/TBL/8477426.png
8478010,Brayden Point,Brayden Point,F,,TBL,Tampa Bay Lightning,https://assets.nhle.com/mugs/nhl/20252026/TBL/8478010.png
8477149,Scott Sabourin,Scott Sabourin,F,,TBL,Tampa Bay Lightning,https://assets.nhle.com/mugs/nhl/20252026/TBL/8477149.png
8483398,Declan Carlile,Declan Carlile,D,,TBL,Tampa Bay Lightning,https://assets.nhle.com/mugs/nhl/20252026/TBL/8483398.png
8478416,Erik Cernak,Erik Cernak,D,,TBL,Tampa Bay Lightning,https://assets.nhle.com/mugs/nhl/20252026/TBL/8478416.png
8481719,Max Crozier,Max Crozier,D,,TBL,Tampa Bay Lightning,https://assets.nhle.com/mugs/nhl/20252026/TBL/8481719.png
8480426,Charle-Edouard D'Astous,Charle-Edouard D'Astous,D,,TBL,Tampa Bay Lightning,https://assets.nhle.com/mugs/nhl/20252026/TBL/8480426.png
8475167,Victor Hedman,Victor Hedman,D,,TBL,Tampa Bay Lightning,https://assets.nhle.com/mugs/nhl/20252026/TBL/8475167.png
8482929,Emil Lilleberg,Emil Lilleberg,D,,TBL,Tampa Bay Lightning,https://assets.nhle.com/mugs/nhl/20252026/TBL/8482929.png
8474151,Ryan McDonagh,Ryan McDonagh,D,,TBL,Tampa Bay Lightning,https://assets.nhle.com/mugs/nhl/20252026/TBL/8474151.png
8482655,J.J. Moser,J.J. Moser,D,,TBL,Tampa Bay Lightning,https://assets.nhle.com/mugs/nhl/20252026/TBL/8482655.png
8478178,Darren Raddysh,Darren Raddysh,D,,TBL,Tampa Bay Lightning,https://assets.nhle.com/mugs/nhl/20252026/TBL/8478178.png
8477990,Brandon Halverson,Brandon Halverson,G,,TBL,Tampa Bay Lightning,https://assets.nhle.com/mugs/nhl/20252026/TBL/8477990.png
8477992,Jonas Johansson,Jonas Johansson,G,,TBL,Tampa Bay Lightning,https://assets.nhle.com/mugs/nhl/20252026/TBL/8477992.png
8476883,Andrei Vasilevskiy,Andrei Vasilevskiy,G,,TBL,Tampa Bay Lightning,https://assets.nhle.com/mugs/nhl/20252026/TBL/8476883.png
8484153,Leo Carlsson,Leo Carlsson,F,,ANA,Anaheim Ducks,https://assets.nhle.com/mugs/nhl/20252026/ANA/8484153.png
8482118,Sam Colangelo,Sam Colangelo,F,,ANA,Anaheim Ducks,https://assets.nhle.com/mugs/nhl/20252026/ANA/8482118.png
8483445,Cutter Gauthier,Cutter Gauthier,F,,ANA,Anaheim Ducks,https://assets.nhle.com/mugs/nhl/20252026/ANA/8483445.png
8475798,Mikael Granlund,Mikael Granlund,F,,ANA,Anaheim Ducks,https://assets.nhle.com/mugs/nhl/20252026/ANA/8475798.png
8478424,Jansen Harkins,Jansen Harkins,F,,ANA,Anaheim Ducks,https://assets.nhle.com/mugs/nhl/20252026/ANA/8478424.png
8477527,Ross Johnston,Ross Johnston,F,,ANA,Anaheim Ducks,https://assets.nhle.com/mugs/nhl/20252026/ANA/8477527.png
8473986,Alex Killorn,Alex Killorn,F,,ANA,Anaheim Ducks,https://assets.nhle.com/mugs/nhl/20252026/ANA/8473986.png
8475184,Chris Kreider,Chris Kreider,F,,ANA,Anaheim Ducks,https://assets.nhle.com/mugs/nhl/20252026/ANA/8475184.png
8482745,Mason McTavish,Mason McTavish,F,,ANA,Anaheim Ducks,https://assets.nhle.com/mugs/nhl/20252026/ANA/8482745.png
8481754,Nikita Nesterenko,Nikita Nesterenko,F,,ANA,Anaheim Ducks,https://assets.nhle.com/mugs/nhl/20252026/ANA/8481754.png
8480068,Ryan Poehling,Ryan Poehling,F,,ANA,Anaheim Ducks,https://assets.nhle.com/mugs/nhl/20252026/ANA/8480068.png
8484762,Beckett Sennecke,Beckett Sennecke,F,,ANA,Anaheim Ducks,https://assets.nhle.com/mugs/nhl/20252026/ANA/8484762.png
8476458,Ryan Strome,Ryan Strome,F,,ANA,Anaheim Ducks,https://assets.nhle.com/mugs/nhl/20252026/ANA/8476458.png
8478873,Troy Terry,Troy Terry,F,,ANA,Anaheim Ducks,https://assets.nhle.com/mugs/nhl/20252026/ANA/8478873.png
8478366,Frank Vatrano,Frank Vatrano,F,,ANA,Anaheim Ducks,https://assets.nhle.com/mugs/nhl/20252026/ANA/8478366.png
8475462,Radko Gudas,Radko Gudas,D,,ANA,Anaheim Ducks,https://assets.nhle.com/mugs/nhl/20252026/ANA/8475462.png
8481563,Drew Helleson,Drew Helleson,D,,ANA,Anaheim Ducks,https://assets.nhle.com/mugs/nhl/20252026/ANA/8481563.png
8481605,Jackson LaCombe,Jackson LaCombe,D,,ANA,Anaheim Ducks,https://assets.nhle.com/mugs/nhl/20252026/ANA/8481605.png
8483490,Pavel Mintyukov,Pavel Mintyukov,D,,ANA,Anaheim Ducks,https://assets.nhle.com/mugs/nhl/20252026/ANA/8483490.png
8482178,Ian Moore,Ian Moore,D,,ANA,Anaheim Ducks,https://assets.nhle.com/mugs/nhl/20252026/ANA/8482178.png
8476885,Jacob Trouba,Jacob Trouba,D,,ANA,Anaheim Ducks,https://assets.nhle.com/mugs/nhl/20252026/ANA/8476885.png
8482803,Olen Zellweger,Olen Zellweger,D,,ANA,Anaheim Ducks,https://assets.nhle.com/mugs/nhl/20252026/ANA/8482803.png
8480843,Lukas Dostal,Lukas Dostal,G,,ANA,Anaheim Ducks,https://assets.nhle.com/mugs/nhl/20252026/ANA/8480843.png
8478024,Ville Husso,Ville Husso,G,,ANA,Anaheim Ducks,https://assets.nhle.com/mugs/nhl/20252026/ANA/8478024.png
8475852,Petr Mrazek,Petr Mrazek,G,,ANA,Anaheim Ducks,https://assets.nhle.com/mugs/nhl/20252026/ANA/8475852.png
8478891,Mason Appleton,Mason Appleton,F,,DET,Detroit Red Wings,https://assets.nhle.com/mugs/nhl/20252026/DET/8478891.png
8481013,Jonatan Berggren,Jonatan Berggren,F,,DET,Detroit Red Wings,https://assets.nhle.com/mugs/nhl/20252026/DET/8481013.png
8477456,J.T. Compher,J.T. Compher,F,,DET,Detroit Red Wings,https://assets.nhle.com/mugs/nhl/20252026/DET/8477456.png
8477429,Andrew Copp,Andrew Copp,F,,DET,Detroit Red Wings,https://assets.nhle.com/mugs/nhl/20252026/DET/8477429.png
8484160,Nate Danielson,Nate Danielson,F,,DET,Detroit Red Wings,https://assets.nhle.com/mugs/nhl/20252026/DET/8484160.png
8479337,Alex DeBrincat,Alex DeBrincat,F,,DET,Detroit Red Wings,https://assets.nhle.com/mugs/nhl/20252026/DET/8479337.png
8484471,Emmitt Finnie,Emmitt Finnie,F,,DET,Detroit Red Wings,https://assets.nhle.com/mugs/nhl/20252026/DET/8484471.png
8474141,Patrick Kane,Patrick Kane,F,,DET,Detroit Red Wings,https://assets.nhle.com/mugs/nhl/20252026/DET/8474141.png
8483464,Marco Kasper,Marco Kasper,F,,DET,Detroit Red Wings,https://assets.nhle.com/mugs/nhl/20252026/DET/8483464.png
8477946,Dylan Larkin,Dylan Larkin,F,,DET,Detroit Red Wings,https://assets.nhle.com/mugs/nhl/20252026/DET/8477946.png
8481077,John Leonard,John Leonard,F,,DET,Detroit Red Wings,https://assets.nhle.com/mugs/nhl/20252026/DET/8481077.png
8479992,Michael Rasmussen,Michael Rasmussen,F,,DET,Detroit Red Wings,https://assets.nhle.com/mugs/nhl/20252026/DET/8479992.png
8482078,Lucas Raymond,Lucas Raymond,F,,DET,Detroit Red Wings,https://assets.nhle.com/mugs/nhl/20252026/DET/8482078.png
8481725,Elmer Soderblom,Elmer Soderblom,F,,DET,Detroit Red Wings,https://assets.nhle.com/mugs/nhl/20252026/DET/8481725.png
8474037,James van Riemsdyk,James van Riemsdyk,F,,DET,Detroit Red Wings,https://assets.nhle.com/mugs/nhl/20252026/DET/8474037.png
8480879,Jacob Bernard-Docker,Jacob Bernard-Docker,D,,DET,Detroit Red Wings,https://assets.nhle.com/mugs/nhl/20252026/DET/8480879.png
8475279,Ben Chiarot,Ben Chiarot,D,,DET,Detroit Red Wings,https://assets.nhle.com/mugs/nhl/20252026/DET/8475279.png
8482762,Simon Edvinsson,Simon Edvinsson,D,,DET,Detroit Red Wings,https://assets.nhle.com/mugs/nhl/20252026/DET/8482762.png
8476979,Erik Gustafsson,Erik Gustafsson,D,,DET,Detroit Red Wings,https://assets.nhle.com/mugs/nhl/20252026/DET/8476979.png
8474612,Travis Hamonic,Travis Hamonic,D,,DET,Detroit Red Wings,https://assets.nhle.com/mugs/nhl/20252026/DET/8474612.png
8481607,Albert Johansson,Albert Johansson,D,,DET,Detroit Red Wings,https://assets.nhle.com/mugs/nhl/20252026/DET/8481607.png
8484223,Axel Sandin-Pellikka,Axel Sandin-Pellikka,D,,DET,Detroit Red Wings,https://assets.nhle.com/mugs/nhl/20252026/DET/8484223.png
8481542,Moritz Seider,Moritz Seider,D,,DET,Detroit Red Wings,https://assets.nhle.com/mugs/nhl/20252026/DET/8481542.png
8476434,John Gibson,John Gibson,G,,DET,Detroit Red Wings,https://assets.nhle.com/mugs/nhl/20252026/DET/8476434.png
8475660,Cam Talbot,Cam Talbot,G,,DET,Detroit Red Wings,https://assets.nhle.com/mugs/nhl/20252026/DET/8475660.png
8479022,Rodrigo Abols,Rodrigo Abols,F,,PHI,Philadelphia Flyers,https://assets.nhle.com/mugs/nhl/20252026/PHI/8479022.png
8481553,Bobby Brink,Bobby Brink,F,,PHI,Philadelphia Flyers,https://assets.nhle.com/mugs/nhl/20252026/PHI/8481553.png
8480220,Noah Cates,Noah Cates,F,,PHI,Philadelphia Flyers,https://assets.nhle.com/mugs/nhl/20252026/PHI/8480220.png
8476461,Sean Couturier,Sean Couturier,F,,PHI,Philadelphia Flyers,https://assets.nhle.com/mugs/nhl/20252026/PHI/8476461.png
8475235,Nicolas Deslauriers,Nicolas Deslauriers,F,,PHI,Philadelphia Flyers,https://assets.nhle.com/mugs/nhl/20252026/PHI/8475235.png
8477989,Christian Dvorak,Christian Dvorak,F,,PHI,Philadelphia Flyers,https://assets.nhle.com/mugs/nhl/20252026/PHI/8477989.png
8482159,Tyson Foerster,Tyson Foerster,F,,PHI,Philadelphia Flyers,https://assets.nhle.com/mugs/nhl/20252026/PHI/8482159.png
8483733,Nikita Grebenkin,Nikita Grebenkin,F,,PHI,Philadelphia Flyers,https://assets.nhle.com/mugs/nhl/20252026/PHI/8483733.png
8479336,Carl Grundstrom,Carl Grundstrom,F,,PHI,Philadelphia Flyers,https://assets.nhle.com/mugs/nhl/20252026/PHI/8479336.png
8477903,Garnet Hathaway,Garnet Hathaway,F,,PHI,Philadelphia Flyers,https://assets.nhle.com/mugs/nhl/20252026/PHI/8477903.png
8478439,Travis Konecny,Travis Konecny,F,,PHI,Philadelphia Flyers,https://assets.nhle.com/mugs/nhl/20252026/PHI/8478439.png
8484387,Matvei Michkov,Matvei Michkov,F,,PHI,Philadelphia Flyers,https://assets.nhle.com/mugs/nhl/20252026/PHI/8484387.png
8480015,Owen Tippett,Owen Tippett,F,,PHI,Philadelphia Flyers,https://assets.nhle.com/mugs/nhl/20252026/PHI/8480015.png
8481533,Trevor Zegras,Trevor Zegras,F,,PHI,Philadelphia Flyers,https://assets.nhle.com/mugs/nhl/20252026/PHI/8481533.png
8482126,Emil Andrae,Emil Andrae,D,,PHI,Philadelphia Flyers,https://assets.nhle.com/mugs/nhl/20252026/PHI/8482126.png
8482142,Jamie Drysdale,Jamie Drysdale,D,,PHI,Philadelphia Flyers,https://assets.nhle.com/mugs/nhl/20252026/PHI/8482142.png
8478454,Noah Juulsen,Noah Juulsen,D,,PHI,Philadelphia Flyers,https://assets.nhle.com/mugs/nhl/20252026/PHI/8478454.png
8482804,Ty Murchison,Ty Murchison,D,,PHI,Philadelphia Flyers,https://assets.nhle.com/mugs/nhl/20252026/PHI/8482804.png
8477948,Travis Sanheim,Travis Sanheim,D,,PHI,Philadelphia Flyers,https://assets.nhle.com/mugs/nhl/20252026/PHI/8477948.png
8476372,Nick Seeler,Nick Seeler,D,,PHI,Philadelphia Flyers,https://assets.nhle.com/mugs/nhl/20252026/PHI/8476372.png
8481546,Cam York,Cam York,D,,PHI,Philadelphia Flyers,https://assets.nhle.com/mugs/nhl/20252026/PHI/8481546.png
8481178,Egor Zamula,Egor Zamula,D,,PHI,Philadelphia Flyers,https://assets.nhle.com/mugs/nhl/20252026/PHI/8481178.png
8481035,Samuel Ersson,Samuel Ersson,G,,PHI,Philadelphia Flyers,https://assets.nhle.com/mugs/nhl/20252026/PHI/8481035.png
8478435,Dan Vladar,Dan Vladar,G,,PHI,Philadelphia Flyers,https://assets.nhle.com/mugs/nhl/20252026/PHI/8478435.png
8476981,Josh Anderson,Josh Anderson,F,,MTL,Montréal Canadiens,https://assets.nhle.com/mugs/nhl/20252026/MTL/8476981.png
8483424,Owen Beck,Owen Beck,F,,MTL,Montréal Canadiens,https://assets.nhle.com/mugs/nhl/20252026/MTL/8483424.png
8482737,Zachary Bolduc,Zachary Bolduc,F,,MTL,Montréal Canadiens,https://assets.nhle.com/mugs/nhl/20252026/MTL/8482737.png
8481540,Cole Caufield,Cole Caufield,F,,MTL,Montréal Canadiens,https://assets.nhle.com/mugs/nhl/20252026/MTL/8481540.png
8481523,Kirby Dach,Kirby Dach,F,,MTL,Montréal Canadiens,https://assets.nhle.com/mugs/nhl/20252026/MTL/8481523.png
8483728,Jared Davidson,Jared Davidson,F,,MTL,Montréal Canadiens,https://assets.nhle.com/mugs/nhl/20252026/MTL/8483728.png
8484984,Ivan Demidov,Ivan Demidov,F,,MTL,Montréal Canadiens,https://assets.nhle.com/mugs/nhl/20252026/MTL/8484984.png
8478133,Jake Evans,Jake Evans,F,,MTL,Montréal Canadiens,https://assets.nhle.com/mugs/nhl/20252026/MTL/8478133.png
8475848,Brendan Gallagher,Brendan Gallagher,F,,MTL,Montréal Canadiens,https://assets.nhle.com/mugs/nhl/20252026/MTL/8475848.png
8482775,Oliver Kapanen,Oliver Kapanen,F,,MTL,Montréal Canadiens,https://assets.nhle.com/mugs/nhl/20252026/MTL/8482775.png
8479339,Patrik Laine,Patrik Laine,F,,MTL,Montréal Canadiens,https://assets.nhle.com/mugs/nhl/20252026/MTL/8479339.png
8481618,Alex Newhook,Alex Newhook,F,,MTL,Montréal Canadiens,https://assets.nhle.com/mugs/nhl/20252026/MTL/8481618.png
8483515,Juraj Slafkovský,Juraj Slafkovský,F,,MTL,Montréal Canadiens,https://assets.nhle.com/mugs/nhl/20252026/MTL/8483515.png
8480018,Nick Suzuki,Nick Suzuki,F,,MTL,Montréal Canadiens,https://assets.nhle.com/mugs/nhl/20252026/MTL/8480018.png
8480074,Alexandre Texier,Alexandre Texier,F,,MTL,Montréal Canadiens,https://assets.nhle.com/mugs/nhl/20252026/MTL/8480074.png
8480813,Joe Veleno,Joe Veleno,F,,MTL,Montréal Canadiens,https://assets.nhle.com/mugs/nhl/20252026/MTL/8480813.png
8478851,Alexandre Carrier,Alexandre Carrier,D,,MTL,Montréal Canadiens,https://assets.nhle.com/mugs/nhl/20252026/MTL/8478851.png
8480865,Noah Dobson,Noah Dobson,D,,MTL,Montréal Canadiens,https://assets.nhle.com/mugs/nhl/20252026/MTL/8480865.png
8483686,Adam Engstrom,Adam Engstrom,D,,MTL,Montréal Canadiens,https://assets.nhle.com/mugs/nhl/20252026/MTL/8483686.png
8482087,Kaiden Guhle,Kaiden Guhle,D,,MTL,Montréal Canadiens,https://assets.nhle.com/mugs/nhl/20252026/MTL/8482087.png
8483457,Lane Hutson,Lane Hutson,D,,MTL,Montréal Canadiens,https://assets.nhle.com/mugs/nhl/20252026/MTL/8483457.png
8476875,Mike Matheson,Mike Matheson,D,,MTL,Montréal Canadiens,https://assets.nhle.com/mugs/nhl/20252026/MTL/8476875.png
8481593,Jayden Struble,Jayden Struble,D,,MTL,Montréal Canadiens,https://assets.nhle.com/mugs/nhl/20252026/MTL/8481593.png
8482964,Arber Xhekaj,Arber Xhekaj,D,,MTL,Montréal Canadiens,https://assets.nhle.com/mugs/nhl/20252026/MTL/8482964.png
8482487,Jakub Dobes,Jakub Dobes,G,,MTL,Montréal Canadiens,https://assets.nhle.com/mugs/nhl/20252026/MTL/8482487.png
8484170,Jacob Fowler,Jacob Fowler,G,,MTL,Montréal Canadiens,https://assets.nhle.com/mugs/nhl/20252026/MTL/8484170.png
8478470,Samuel Montembeault,Samuel Montembeault,G,,MTL,Montréal Canadiens,https://assets.nhle.com/mugs/nhl/20252026/MTL/8478470.png
8478042,Viktor Arvidsson,Viktor Arvidsson,F,,BOS,Boston Bruins,https://assets.nhle.com/mugs/nhl/20252026/BOS/8478042.png
8481712,Matěj  Blümel,Matěj  Blümel,F,,BOS,Boston Bruins,https://assets.nhle.com/mugs/nhl/20252026/BOS/8481712.png
8479591,Michael Eyssimont,Michael Eyssimont,F,,BOS,Boston Bruins,https://assets.nhle.com/mugs/nhl/20252026/BOS/8479591.png
8479987,Morgan Geekie,Morgan Geekie,F,,BOS,Boston Bruins,https://assets.nhle.com/mugs/nhl/20252026/BOS/8479987.png
8479661,Tanner Jeannot,Tanner Jeannot,F,,BOS,Boston Bruins,https://assets.nhle.com/mugs/nhl/20252026/BOS/8479661.png
8480355,Mark Kastelic,Mark Kastelic,F,,BOS,Boston Bruins,https://assets.nhle.com/mugs/nhl/20252026/BOS/8480355.png
8482177,Marat Khusnutdinov,Marat Khusnutdinov,F,,BOS,Boston Bruins,https://assets.nhle.com/mugs/nhl/20252026/BOS/8482177.png
8476374,Sean Kuraly,Sean Kuraly,F,,BOS,Boston Bruins,https://assets.nhle.com/mugs/nhl/20252026/BOS/8476374.png
8477496,Elias Lindholm,Elias Lindholm,F,,BOS,Boston Bruins,https://assets.nhle.com/mugs/nhl/20252026/BOS/8477496.png
8483489,Fraser Minten,Fraser Minten,F,,BOS,Boston Bruins,https://assets.nhle.com/mugs/nhl/20252026/BOS/8483489.png
8479999,Casey Mittelstadt,Casey Mittelstadt,F,,BOS,Boston Bruins,https://assets.nhle.com/mugs/nhl/20252026/BOS/8479999.png
8477956,David Pastrnak,David Pastrnak,F,,BOS,Boston Bruins,https://assets.nhle.com/mugs/nhl/20252026/BOS/8477956.png
8482634,Alex Steeves,Alex Steeves,F,,BOS,Boston Bruins,https://assets.nhle.com/mugs/nhl/20252026/BOS/8482634.png
8479705,Jeffrey Viel,Jeffrey Viel,F,,BOS,Boston Bruins,https://assets.nhle.com/mugs/nhl/20252026/BOS/8479705.png
8478401,Pavel Zacha,Pavel Zacha,F,,BOS,Boston Bruins,https://assets.nhle.com/mugs/nhl/20252026/BOS/8478401.png
8481219,Jonathan Aspirot,Jonathan Aspirot,D,,BOS,Boston Bruins,https://assets.nhle.com/mugs/nhl/20252026/BOS/8481219.png
8480828,Michael Callahan,Michael Callahan,D,,BOS,Boston Bruins,https://assets.nhle.com/mugs/nhl/20252026/BOS/8480828.png
8480887,Jordan Harris,Jordan Harris,D,,BOS,Boston Bruins,https://assets.nhle.com/mugs/nhl/20252026/BOS/8480887.png
8480035,Henri Jokiharju,Henri Jokiharju,D,,BOS,Boston Bruins,https://assets.nhle.com/mugs/nhl/20252026/BOS/8480035.png
8476854,Hampus Lindholm,Hampus Lindholm,D,,BOS,Boston Bruins,https://assets.nhle.com/mugs/nhl/20252026/BOS/8476854.png
8482511,Mason Lohrei,Mason Lohrei,D,,BOS,Boston Bruins,https://assets.nhle.com/mugs/nhl/20252026/BOS/8482511.png
8479325,Charlie McAvoy,Charlie McAvoy,D,,BOS,Boston Bruins,https://assets.nhle.com/mugs/nhl/20252026/BOS/8479325.png
8479369,Andrew Peeke,Andrew Peeke,D,,BOS,Boston Bruins,https://assets.nhle.com/mugs/nhl/20252026/BOS/8479369.png
8481599,Victor Soderstrom,Victor Soderstrom,D,,BOS,Boston Bruins,https://assets.nhle.com/mugs/nhl/20252026/BOS/8481599.png
8477507,Nikita Zadorov,Nikita Zadorov,D,,BOS,Boston Bruins,https://assets.nhle.com/mugs/nhl/20252026/BOS/8477507.png
8476914,Joonas Korpisalo,Joonas Korpisalo,G,,BOS,Boston Bruins,https://assets.nhle.com/mugs/nhl/20252026/BOS/8476914.png
8480280,Jeremy Swayman,Jeremy Swayman,G,,BOS,Boston Bruins,https://assets.nhle.com/mugs/nhl/20252026/BOS/8480280.png
8478569,Noel Acciari,Noel Acciari,F,,PIT,Pittsburgh Penguins,https://assets.nhle.com/mugs/nhl/20252026/PIT/8478569.png
8479638,Justin Brazeau,Justin Brazeau,F,,PIT,Pittsburgh Penguins,https://assets.nhle.com/mugs/nhl/20252026/PIT/8479638.png
8471675,Sidney Crosby,Sidney Crosby,F,,PIT,Pittsburgh Penguins,https://assets.nhle.com/mugs/nhl/20252026/PIT/8471675.png
8480980,Connor Dewar,Connor Dewar,F,,PIT,Pittsburgh Penguins,https://assets.nhle.com/mugs/nhl/20252026/PIT/8480980.png
8480842,Filip Hallander,Filip Hallander,F,,PIT,Pittsburgh Penguins,https://assets.nhle.com/mugs/nhl/20252026/PIT/8480842.png
8475763,Kevin Hayes,Kevin Hayes,F,,PIT,Pittsburgh Penguins,https://assets.nhle.com/mugs/nhl/20252026/PIT/8475763.png
8478046,Danton Heinen,Danton Heinen,F,,PIT,Pittsburgh Penguins,https://assets.nhle.com/mugs/nhl/20252026/PIT/8478046.png
8485414,Ben Kindel,Ben Kindel,F,,PIT,Pittsburgh Penguins,https://assets.nhle.com/mugs/nhl/20252026/PIT/8485414.png
8482758,Ville Koivunen,Ville Koivunen,F,,PIT,Pittsburgh Penguins,https://assets.nhle.com/mugs/nhl/20252026/PIT/8482758.png
8481481,Blake Lizotte,Blake Lizotte,F,,PIT,Pittsburgh Penguins,https://assets.nhle.com/mugs/nhl/20252026/PIT/8481481.png
8471215,Evgeni Malkin,Evgeni Malkin,F,,PIT,Pittsburgh Penguins,https://assets.nhle.com/mugs/nhl/20252026/PIT/8471215.png
8477511,Anthony Mantha,Anthony Mantha,F,,PIT,Pittsburgh Penguins,https://assets.nhle.com/mugs/nhl/20252026/PIT/8477511.png
8483487,Rutger McGroarty,Rutger McGroarty,F,,PIT,Pittsburgh Penguins,https://assets.nhle.com/mugs/nhl/20252026/PIT/8483487.png
8478438,Tommy Novak,Tommy Novak,F,,PIT,Pittsburgh Penguins,https://assets.nhle.com/mugs/nhl/20252026/PIT/8478438.png
8476483,Rickard Rakell,Rickard Rakell,F,,PIT,Pittsburgh Penguins,https://assets.nhle.com/mugs/nhl/20252026/PIT/8476483.png
8475810,Bryan Rust,Bryan Rust,F,,PIT,Pittsburgh Penguins,https://assets.nhle.com/mugs/nhl/20252026/PIT/8475810.png
8484839,Harrison Brunicke,Harrison Brunicke,D,,PIT,Pittsburgh Penguins,https://assets.nhle.com/mugs/nhl/20252026/PIT/8484839.png
8477365,Connor Clifton,Connor Clifton,D,,PIT,Pittsburgh Penguins,https://assets.nhle.com/mugs/nhl/20252026/PIT/8477365.png
8477435,Ryan Graves,Ryan Graves,D,,PIT,Pittsburgh Penguins,https://assets.nhle.com/mugs/nhl/20252026/PIT/8477435.png
8478452,Caleb Jones,Caleb Jones,D,,PIT,Pittsburgh Penguins,https://assets.nhle.com/mugs/nhl/20252026/PIT/8478452.png
8474578,Erik Karlsson,Erik Karlsson,D,,PIT,Pittsburgh Penguins,https://assets.nhle.com/mugs/nhl/20252026/PIT/8474578.png
8476967,Brett Kulak,Brett Kulak,D,,PIT,Pittsburgh Penguins,https://assets.nhle.com/mugs/nhl/20252026/PIT/8476967.png
8471724,Kris Letang,Kris Letang,D,,PIT,Pittsburgh Penguins,https://assets.nhle.com/mugs/nhl/20252026/PIT/8471724.png
8478854,Ryan Shea,Ryan Shea,D,,PIT,Pittsburgh Penguins,https://assets.nhle.com/mugs/nhl/20252026/PIT/8478854.png
8481030,Jack St. Ivany,Jack St. Ivany,D,,PIT,Pittsburgh Penguins,https://assets.nhle.com/mugs/nhl/20252026/PIT/8481030.png
8478450,Parker Wotherspoon,Parker Wotherspoon,D,,PIT,Pittsburgh Penguins,https://assets.nhle.com/mugs/nhl/20252026/PIT/8478450.png
8483703,Sergei Murashov,Sergei Murashov,G,,PIT,Pittsburgh Penguins,https://assets.nhle.com/mugs/nhl/20252026/PIT/8483703.png
8481668,Arturs Silovs,Arturs Silovs,G,,PIT,Pittsburgh Penguins,https://assets.nhle.com/mugs/nhl/20252026/PIT/8481668.png
8479973,Stuart Skinner,Stuart Skinner,G,,PIT,Pittsburgh Penguins,https://assets.nhle.com/mugs/nhl/20252026/PIT/8479973.png
8476469,Joel Armia,Joel Armia,F,,LAK,Los Angeles Kings,https://assets.nhle.com/mugs/nhl/20252026/LAK/8476469.png
8482124,Quinton Byfield,Quinton Byfield,F,,LAK,Los Angeles Kings,https://assets.nhle.com/mugs/nhl/20252026/LAK/8482124.png
8476479,Phillip Danault,Phillip Danault,F,,LAK,Los Angeles Kings,https://assets.nhle.com/mugs/nhl/20252026/LAK/8476479.png
8477942,Kevin Fiala,Kevin Fiala,F,,LAK,Los Angeles Kings,https://assets.nhle.com/mugs/nhl/20252026/LAK/8477942.png
8477998,Warren Foegele,Warren Foegele,F,,LAK,Los Angeles Kings,https://assets.nhle.com/mugs/nhl/20252026/LAK/8477998.png
8482726,Samuel Helenius,Samuel Helenius,F,,LAK,Los Angeles Kings,https://assets.nhle.com/mugs/nhl/20252026/LAK/8482726.png
8477960,Adrian Kempe,Adrian Kempe,F,,LAK,Los Angeles Kings,https://assets.nhle.com/mugs/nhl/20252026/LAK/8477960.png
8471685,Anze Kopitar,Anze Kopitar,F,,LAK,Los Angeles Kings,https://assets.nhle.com/mugs/nhl/20252026/LAK/8471685.png
8483808,Andrei Kuzmenko,Andrei Kuzmenko,F,,LAK,Los Angeles Kings,https://assets.nhle.com/mugs/nhl/20252026/LAK/8483808.png
8482155,Alex Laferriere,Alex Laferriere,F,,LAK,Los Angeles Kings,https://assets.nhle.com/mugs/nhl/20252026/LAK/8482155.png
8482408,Jeff Malott,Jeff Malott,F,,LAK,Los Angeles Kings,https://assets.nhle.com/mugs/nhl/20252026/LAK/8482408.png
8479675,Trevor Moore,Trevor Moore,F,,LAK,Los Angeles Kings,https://assets.nhle.com/mugs/nhl/20252026/LAK/8479675.png
8470621,Corey Perry,Corey Perry,F,,LAK,Los Angeles Kings,https://assets.nhle.com/mugs/nhl/20252026/LAK/8470621.png
8481532,Alex Turcotte,Alex Turcotte,F,,LAK,Los Angeles Kings,https://assets.nhle.com/mugs/nhl/20252026/LAK/8481532.png
8479998,Mikey Anderson,Mikey Anderson,D,,LAK,Los Angeles Kings,https://assets.nhle.com/mugs/nhl/20252026/LAK/8479998.png
8476879,Cody Ceci,Cody Ceci,D,,LAK,Los Angeles Kings,https://assets.nhle.com/mugs/nhl/20252026/LAK/8476879.png
8482730,Brandt Clarke,Brandt Clarke,D,,LAK,Los Angeles Kings,https://assets.nhle.com/mugs/nhl/20252026/LAK/8482730.png
8474563,Drew Doughty,Drew Doughty,D,,LAK,Los Angeles Kings,https://assets.nhle.com/mugs/nhl/20252026/LAK/8474563.png
8475208,Brian Dumoulin,Brian Dumoulin,D,,LAK,Los Angeles Kings,https://assets.nhle.com/mugs/nhl/20252026/LAK/8475208.png
8476441,Joel Edmundson,Joel Edmundson,D,,LAK,Los Angeles Kings,https://assets.nhle.com/mugs/nhl/20252026/LAK/8476441.png
8479421,Jacob Moverare,Jacob Moverare,D,,LAK,Los Angeles Kings,https://assets.nhle.com/mugs/nhl/20252026/LAK/8479421.png
8476341,Anton Forsberg,Anton Forsberg,G,,LAK,Los Angeles Kings,https://assets.nhle.com/mugs/nhl/20252026/LAK/8476341.png
8475311,Darcy Kuemper,Darcy Kuemper,G,,LAK,Los Angeles Kings,https://assets.nhle.com/mugs/nhl/20252026/LAK/8475311.png
8479407,Jesper Bratt,Jesper Bratt,F,,NJD,New Jersey Devils,https://assets.nhle.com/mugs/nhl/20252026/NJD/8479407.png
8477015,Connor Brown,Connor Brown,F,,NJD,New Jersey Devils,https://assets.nhle.com/mugs/nhl/20252026/NJD/8477015.png
8481032,Paul Cotter,Paul Cotter,F,,NJD,New Jersey Devils,https://assets.nhle.com/mugs/nhl/20252026/NJD/8481032.png
8481065,Angus Crookshank,Angus Crookshank,F,,NJD,New Jersey Devils,https://assets.nhle.com/mugs/nhl/20252026/NJD/8481065.png
8474149,Evgenii Dadonov,Evgenii Dadonov,F,,NJD,New Jersey Devils,https://assets.nhle.com/mugs/nhl/20252026/NJD/8474149.png
8479996,Cody Glass,Cody Glass,F,,NJD,New Jersey Devils,https://assets.nhle.com/mugs/nhl/20252026/NJD/8479996.png
8476822,Luke Glendening,Luke Glendening,F,,NJD,New Jersey Devils,https://assets.nhle.com/mugs/nhl/20252026/NJD/8476822.png
8481721,Arseny Gritsyuk,Arseny Gritsyuk,F,,NJD,New Jersey Devils,https://assets.nhle.com/mugs/nhl/20252026/NJD/8481721.png
8480002,Nico Hischier,Nico Hischier,F,,NJD,New Jersey Devils,https://assets.nhle.com/mugs/nhl/20252026/NJD/8480002.png
8481559,Jack Hughes,Jack Hughes,F,,NJD,New Jersey Devils,https://assets.nhle.com/mugs/nhl/20252026/NJD/8481559.png
8477996,Juho Lammikko,Juho Lammikko,F,,NJD,New Jersey Devils,https://assets.nhle.com/mugs/nhl/20252026/NJD/8477996.png
8479772,Zack MacEwen,Zack MacEwen,F,,NJD,New Jersey Devils,https://assets.nhle.com/mugs/nhl/20252026/NJD/8479772.png
8483397,Marc McLaughlin,Marc McLaughlin,F,,NJD,New Jersey Devils,https://assets.nhle.com/mugs/nhl/20252026/NJD/8483397.png
8482110,Dawson Mercer,Dawson Mercer,F,,NJD,New Jersey Devils,https://assets.nhle.com/mugs/nhl/20252026/NJD/8482110.png
8476474,Stefan Noesen,Stefan Noesen,F,,NJD,New Jersey Devils,https://assets.nhle.com/mugs/nhl/20252026/NJD/8476474.png
8476292,Ondrej Palat,Ondrej Palat,F,,NJD,New Jersey Devils,https://assets.nhle.com/mugs/nhl/20252026/NJD/8476292.png
8483841,Xavier Parent,Xavier Parent,F,,NJD,New Jersey Devils,https://assets.nhle.com/mugs/nhl/20252026/NJD/8483841.png
8480884,Calen Addison,Calen Addison,D,,NJD,New Jersey Devils,https://assets.nhle.com/mugs/nhl/20252026/NJD/8480884.png
8479395,Dennis Cholowski,Dennis Cholowski,D,,NJD,New Jersey Devils,https://assets.nhle.com/mugs/nhl/20252026/NJD/8479395.png
8475455,Brenden Dillon,Brenden Dillon,D,,NJD,New Jersey Devils,https://assets.nhle.com/mugs/nhl/20252026/NJD/8475455.png
8476462,Dougie Hamilton,Dougie Hamilton,D,,NJD,New Jersey Devils,https://assets.nhle.com/mugs/nhl/20252026/NJD/8476462.png
8482684,Luke Hughes,Luke Hughes,D,,NJD,New Jersey Devils,https://assets.nhle.com/mugs/nhl/20252026/NJD/8482684.png
8483495,Simon Nemec,Simon Nemec,D,,NJD,New Jersey Devils,https://assets.nhle.com/mugs/nhl/20252026/NJD/8483495.png
8477488,Brett Pesce,Brett Pesce,D,,NJD,New Jersey Devils,https://assets.nhle.com/mugs/nhl/20252026/NJD/8477488.png
8478399,Jonas Siegenthaler,Jonas Siegenthaler,D,,NJD,New Jersey Devils,https://assets.nhle.com/mugs/nhl/20252026/NJD/8478399.png
8478841,Colton White,Colton White,D,,NJD,New Jersey Devils,https://assets.nhle.com/mugs/nhl/20252026/NJD/8478841.png
8474596,Jake Allen,Jake Allen,G,,NJD,New Jersey Devils,https://assets.nhle.com/mugs/nhl/20252026/NJD/8474596.png
8474593,Jacob Markstrom,Jacob Markstrom,G,,NJD,New Jersey Devils,https://assets.nhle.com/mugs/nhl/20252026/NJD/8474593.png
8482132,Brett Berard,Brett Berard,F,,NYR,New York Rangers,https://assets.nhle.com/mugs/nhl/20252026/NYR/8482132.png
8477380,Jonny Brodzinski,Jonny Brodzinski,F,,NYR,New York Rangers,https://assets.nhle.com/mugs/nhl/20252026/NYR/8477380.png
8475842,Sam Carrick,Sam Carrick,F,,NYR,New York Rangers,https://assets.nhle.com/mugs/nhl/20252026/NYR/8475842.png
8482877,Jaroslav Chmelar,Jaroslav Chmelar,F,,NYR,New York Rangers,https://assets.nhle.com/mugs/nhl/20252026/NYR/8482877.png
8482157,Will Cuylle,Will Cuylle,F,,NYR,New York Rangers,https://assets.nhle.com/mugs/nhl/20252026/NYR/8482157.png
8481726,Adam Edstrom,Adam Edstrom,F,,NYR,New York Rangers,https://assets.nhle.com/mugs/nhl/20252026/NYR/8481726.png
8483690,Noah Laba,Noah Laba,F,,NYR,New York Rangers,https://assets.nhle.com/mugs/nhl/20252026/NYR/8483690.png
8482109,Alexis Lafrenière,Alexis Lafrenière,F,,NYR,New York Rangers,https://assets.nhle.com/mugs/nhl/20252026/NYR/8482109.png
8476468,J.T. Miller,J.T. Miller,F,,NYR,New York Rangers,https://assets.nhle.com/mugs/nhl/20252026/NYR/8476468.png
8478550,Artemi Panarin,Artemi Panarin,F,,NYR,New York Rangers,https://assets.nhle.com/mugs/nhl/20252026/NYR/8478550.png
8479390,Taylor Raddysh,Taylor Raddysh,F,,NYR,New York Rangers,https://assets.nhle.com/mugs/nhl/20252026/NYR/8479390.png
8482460,Matt Rempe,Matt Rempe,F,,NYR,New York Rangers,https://assets.nhle.com/mugs/nhl/20252026/NYR/8482460.png
8477839,Conor Sheary,Conor Sheary,F,,NYR,New York Rangers,https://assets.nhle.com/mugs/nhl/20252026/NYR/8477839.png
8476389,Vincent Trocheck,Vincent Trocheck,F,,NYR,New York Rangers,https://assets.nhle.com/mugs/nhl/20252026/NYR/8476389.png
8476459,Mika Zibanejad,Mika Zibanejad,F,,NYR,New York Rangers,https://assets.nhle.com/mugs/nhl/20252026/NYR/8476459.png
8478840,Will Borgen,Will Borgen,D,,NYR,New York Rangers,https://assets.nhle.com/mugs/nhl/20252026/NYR/8478840.png
8479323,Adam Fox,Adam Fox,D,,NYR,New York Rangers,https://assets.nhle.com/mugs/nhl/20252026/NYR/8479323.png
8478882,Vladislav Gavrikov,Vladislav Gavrikov,D,,NYR,New York Rangers,https://assets.nhle.com/mugs/nhl/20252026/NYR/8478882.png
8482666,Scott Morrow,Scott Morrow,D,,NYR,New York Rangers,https://assets.nhle.com/mugs/nhl/20252026/NYR/8482666.png
8481525,Matthew Robertson,Matthew Robertson,D,,NYR,New York Rangers,https://assets.nhle.com/mugs/nhl/20252026/NYR/8481525.png
8482073,Braden Schneider,Braden Schneider,D,,NYR,New York Rangers,https://assets.nhle.com/mugs/nhl/20252026/NYR/8482073.png
8477369,Carson Soucy,Carson Soucy,D,,NYR,New York Rangers,https://assets.nhle.com/mugs/nhl/20252026/NYR/8477369.png
8480001,Urho Vaakanainen,Urho Vaakanainen,D,,NYR,New York Rangers,https://assets.nhle.com/mugs/nhl/20252026/NYR/8480001.png
8471734,Jonathan Quick,Jonathan Quick,G,,NYR,New York Rangers,https://assets.nhle.com/mugs/nhl/20252026/NYR/8471734.png
8478048,Igor Shesterkin,Igor Shesterkin,G,,NYR,New York Rangers,https://assets.nhle.com/mugs/nhl/20252026/NYR/8478048.png
8484529,Connor Clattenburg,Connor Clattenburg,F,,EDM,Edmonton Oilers,https://assets.nhle.com/mugs/nhl/20252026/EDM/8484529.png
8477934,Leon Draisaitl,Leon Draisaitl,F,,EDM,Edmonton Oilers,https://assets.nhle.com/mugs/nhl/20252026/EDM/8477934.png
8479365,Trent Frederic,Trent Frederic,F,,EDM,Edmonton Oilers,https://assets.nhle.com/mugs/nhl/20252026/EDM/8479365.png
8474641,Adam Henrique,Adam Henrique,F,,EDM,Edmonton Oilers,https://assets.nhle.com/mugs/nhl/20252026/EDM/8474641.png
8475786,Zach Hyman,Zach Hyman,F,,EDM,Edmonton Oilers,https://assets.nhle.com/mugs/nhl/20252026/EDM/8475786.png
8477406,Mattias Janmark,Mattias Janmark,F,,EDM,Edmonton Oilers,https://assets.nhle.com/mugs/nhl/20252026/EDM/8477406.png
8479368,Max Jones,Max Jones,F,,EDM,Edmonton Oilers,https://assets.nhle.com/mugs/nhl/20252026/EDM/8479368.png
8477953,Kasperi Kapanen,Kasperi Kapanen,F,,EDM,Edmonton Oilers,https://assets.nhle.com/mugs/nhl/20252026/EDM/8477953.png
8477508,Curtis Lazar,Curtis Lazar,F,,EDM,Edmonton Oilers,https://assets.nhle.com/mugs/nhl/20252026/EDM/8477508.png
8478233,Andrew Mangiapane,Andrew Mangiapane,F,,EDM,Edmonton Oilers,https://assets.nhle.com/mugs/nhl/20252026/EDM/8478233.png
8478402,Connor McDavid,Connor McDavid,F,,EDM,Edmonton Oilers,https://assets.nhle.com/mugs/nhl/20252026/EDM/8478402.png
8476454,Ryan Nugent-Hopkins,Ryan Nugent-Hopkins,F,,EDM,Edmonton Oilers,https://assets.nhle.com/mugs/nhl/20252026/EDM/8476454.png
8481491,Noah Philp,Noah Philp,F,,EDM,Edmonton Oilers,https://assets.nhle.com/mugs/nhl/20252026/EDM/8481491.png
8481617,Vasily Podkolzin,Vasily Podkolzin,F,,EDM,Edmonton Oilers,https://assets.nhle.com/mugs/nhl/20252026/EDM/8481617.png
8478458,Jack Roslovic,Jack Roslovic,F,,EDM,Edmonton Oilers,https://assets.nhle.com/mugs/nhl/20252026/EDM/8478458.png
8483512,Matt Savoie,Matt Savoie,F,,EDM,Edmonton Oilers,https://assets.nhle.com/mugs/nhl/20252026/EDM/8483512.png
8485493,David Tomasek,David Tomasek,F,,EDM,Edmonton Oilers,https://assets.nhle.com/mugs/nhl/20252026/EDM/8485493.png
8480803,Evan Bouchard,Evan Bouchard,D,,EDM,Edmonton Oilers,https://assets.nhle.com/mugs/nhl/20252026/EDM/8480803.png
8475218,Mattias Ekholm,Mattias Ekholm,D,,EDM,Edmonton Oilers,https://assets.nhle.com/mugs/nhl/20252026/EDM/8475218.png
8480834,Ty Emberson,Ty Emberson,D,,EDM,Edmonton Oilers,https://assets.nhle.com/mugs/nhl/20252026/EDM/8480834.png
8477498,Darnell Nurse,Darnell Nurse,D,,EDM,Edmonton Oilers,https://assets.nhle.com/mugs/nhl/20252026/EDM/8477498.png
8480831,Alec Regula,Alec Regula,D,,EDM,Edmonton Oilers,https://assets.nhle.com/mugs/nhl/20252026/EDM/8480831.png
8481056,Spencer Stastney,Spencer Stastney,D,,EDM,Edmonton Oilers,https://assets.nhle.com/mugs/nhl/20252026/EDM/8481056.png
8479388,Riley Stillman,Riley Stillman,D,,EDM,Edmonton Oilers,https://assets.nhle.com/mugs/nhl/20252026/EDM/8479388.png
8478013,Jake Walman,Jake Walman,D,,EDM,Edmonton Oilers,https://assets.nhle.com/mugs/nhl/20252026/EDM/8478013.png
8477465,Tristan Jarry,Tristan Jarry,G,,EDM,Edmonton Oilers,https://assets.nhle.com/mugs/nhl/20252026/EDM/8477465.png
8475717,Calvin Pickard,Calvin Pickard,G,,EDM,Edmonton Oilers,https://assets.nhle.com/mugs/nhl/20252026/EDM/8475717.png
8484801,Macklin Celebrini,Macklin Celebrini,F,,SJS,San Jose Sharks,https://assets.nhle.com/mugs/nhl/20252026/SJS/8484801.png
8480848,Ty Dellandrea,Ty Dellandrea,F,,SJS,San Jose Sharks,https://assets.nhle.com/mugs/nhl/20252026/SJS/8480848.png
8482667,William Eklund,William Eklund,F,,SJS,San Jose Sharks,https://assets.nhle.com/mugs/nhl/20252026/SJS/8482667.png
8478874,Adam Gaudette,Adam Gaudette,F,,SJS,San Jose Sharks,https://assets.nhle.com/mugs/nhl/20252026/SJS/8478874.png
8476624,Barclay Goodrow,Barclay Goodrow,F,,SJS,San Jose Sharks,https://assets.nhle.com/mugs/nhl/20252026/SJS/8476624.png
8484911,Collin Graf,Collin Graf,F,,SJS,San Jose Sharks,https://assets.nhle.com/mugs/nhl/20252026/SJS/8484911.png
8480798,Philipp Kurashev,Philipp Kurashev,F,,SJS,San Jose Sharks,https://assets.nhle.com/mugs/nhl/20252026/SJS/8480798.png
8485402,Michael Misa,Michael Misa,F,,SJS,San Jose Sharks,https://assets.nhle.com/mugs/nhl/20252026/SJS/8485402.png
8482859,Zack Ostapchuk,Zack Ostapchuk,F,,SJS,San Jose Sharks,https://assets.nhle.com/mugs/nhl/20252026/SJS/8482859.png
8471817,Ryan Reaves,Ryan Reaves,F,,SJS,San Jose Sharks,https://assets.nhle.com/mugs/nhl/20252026/SJS/8471817.png
8475784,Jeff Skinner,Jeff Skinner,F,,SJS,San Jose Sharks,https://assets.nhle.com/mugs/nhl/20252026/SJS/8475784.png
8484227,Will Smith,Will Smith,F,,SJS,San Jose Sharks,https://assets.nhle.com/mugs/nhl/20252026/SJS/8484227.png
8475726,Tyler Toffoli,Tyler Toffoli,F,,SJS,San Jose Sharks,https://assets.nhle.com/mugs/nhl/20252026/SJS/8475726.png
8477505,Alexander Wennberg,Alexander Wennberg,F,,SJS,San Jose Sharks,https://assets.nhle.com/mugs/nhl/20252026/SJS/8477505.png
8479576,Vincent Desharnais,Vincent Desharnais,D,,SJS,San Jose Sharks,https://assets.nhle.com/mugs/nhl/20252026/SJS/8479576.png
8484806,Sam Dickinson,Sam Dickinson,D,,SJS,San Jose Sharks,https://assets.nhle.com/mugs/nhl/20252026/SJS/8484806.png
8479983,Mario Ferraro,Mario Ferraro,D,,SJS,San Jose Sharks,https://assets.nhle.com/mugs/nhl/20252026/SJS/8479983.png
8482861,Vincent Iorio,Vincent Iorio,D,,SJS,San Jose Sharks,https://assets.nhle.com/mugs/nhl/20252026/SJS/8482861.png
8475906,John Klingberg,John Klingberg,D,,SJS,San Jose Sharks,https://assets.nhle.com/mugs/nhl/20252026/SJS/8475906.png
8475181,Nick Leddy,Nick Leddy,D,,SJS,San Jose Sharks,https://assets.nhle.com/mugs/nhl/20252026/SJS/8475181.png
8480043,Timothy Liljegren,Timothy Liljegren,D,,SJS,San Jose Sharks,https://assets.nhle.com/mugs/nhl/20252026/SJS/8480043.png
8482166,Shakir Mukhamadullin,Shakir Mukhamadullin,D,,SJS,San Jose Sharks,https://assets.nhle.com/mugs/nhl/20252026/SJS/8482166.png
8475200,Dmitry Orlov,Dmitry Orlov,D,,SJS,San Jose Sharks,https://assets.nhle.com/mugs/nhl/20252026/SJS/8475200.png
8482137,Yaroslav Askarov,Yaroslav Askarov,G,,SJS,San Jose Sharks,https://assets.nhle.com/mugs/nhl/20252026/SJS/8482137.png
8477968,Alex Nedeljkovic,Alex Nedeljkovic,G,,SJS,San Jose Sharks,https://assets.nhle.com/mugs/nhl/20252026/SJS/8477968.png
8484388,Daniil But,Daniil But,F,,UTA,Utah Mammoth,https://assets.nhle.com/mugs/nhl/20252026/UTA/8484388.png
8479619,Michael Carcone,Michael Carcone,F,,UTA,Utah Mammoth,https://assets.nhle.com/mugs/nhl/20252026/UTA/8479619.png
8483431,Logan Cooley,Logan Cooley,F,,UTA,Utah Mammoth,https://assets.nhle.com/mugs/nhl/20252026/UTA/8483431.png
8478474,Lawson Crouse,Lawson Crouse,F,,UTA,Utah Mammoth,https://assets.nhle.com/mugs/nhl/20252026/UTA/8478474.png
8482699,Dylan Guenther,Dylan Guenther,F,,UTA,Utah Mammoth,https://assets.nhle.com/mugs/nhl/20252026/UTA/8482699.png
8480849,Barrett Hayton,Barrett Hayton,F,,UTA,Utah Mammoth,https://assets.nhle.com/mugs/nhl/20252026/UTA/8480849.png
8479343,Clayton Keller,Clayton Keller,F,,UTA,Utah Mammoth,https://assets.nhle.com/mugs/nhl/20252026/UTA/8479343.png
8477021,Alexander Kerfoot,Alexander Kerfoot,F,,UTA,Utah Mammoth,https://assets.nhle.com/mugs/nhl/20252026/UTA/8477021.png
8480855,Jack McBain,Jack McBain,F,,UTA,Utah Mammoth,https://assets.nhle.com/mugs/nhl/20252026/UTA/8480855.png
8477070,Liam O'Brien,Liam O'Brien,F,,UTA,Utah Mammoth,https://assets.nhle.com/mugs/nhl/20252026/UTA/8477070.png
8482175,JJ Peterka,JJ Peterka,F,,UTA,Utah Mammoth,https://assets.nhle.com/mugs/nhl/20252026/UTA/8482175.png
8479291,Kevin Rooney,Kevin Rooney,F,,UTA,Utah Mammoth,https://assets.nhle.com/mugs/nhl/20252026/UTA/8479291.png
8477951,Nick Schmaltz,Nick Schmaltz,F,,UTA,Utah Mammoth,https://assets.nhle.com/mugs/nhl/20252026/UTA/8477951.png
8478831,Kevin Stenlund,Kevin Stenlund,F,,UTA,Utah Mammoth,https://assets.nhle.com/mugs/nhl/20252026/UTA/8478831.png
8479293,Brandon Tanev,Brandon Tanev,F,,UTA,Utah Mammoth,https://assets.nhle.com/mugs/nhl/20252026/UTA/8479293.png
8479977,Kailer Yamamoto,Kailer Yamamoto,F,,UTA,Utah Mammoth,https://assets.nhle.com/mugs/nhl/20252026/UTA/8479977.png
8474013,Ian Cole,Ian Cole,D,,UTA,Utah Mammoth,https://assets.nhle.com/mugs/nhl/20252026/UTA/8474013.png
8480084,Nick DeSimone,Nick DeSimone,D,,UTA,Utah Mammoth,https://assets.nhle.com/mugs/nhl/20252026/UTA/8480084.png
8478507,John Marino,John Marino,D,,UTA,Utah Mammoth,https://assets.nhle.com/mugs/nhl/20252026/UTA/8478507.png
8476874,Olli Määttä,Olli Määttä,D,,UTA,Utah Mammoth,https://assets.nhle.com/mugs/nhl/20252026/UTA/8476874.png
8477220,Nate Schmidt,Nate Schmidt,D,,UTA,Utah Mammoth,https://assets.nhle.com/mugs/nhl/20252026/UTA/8477220.png
8479410,Mikhail Sergachev,Mikhail Sergachev,D,,UTA,Utah Mammoth,https://assets.nhle.com/mugs/nhl/20252026/UTA/8479410.png
8477970,Vitek Vanecek,Vitek Vanecek,G,,UTA,Utah Mammoth,https://assets.nhle.com/mugs/nhl/20252026/UTA/8477970.png
8478872,Karel Vejmelka,Karel Vejmelka,G,,UTA,Utah Mammoth,https://assets.nhle.com/mugs/nhl/20252026/UTA/8478872.png
8477493,Aleksander Barkov,Aleksander Barkov,F,,FLA,Florida Panthers,https://assets.nhle.com/mugs/nhl/20252026/FLA/8477493.png
8477935,Sam Bennett,Sam Bennett,F,,FLA,Florida Panthers,https://assets.nhle.com/mugs/nhl/20252026/FLA/8477935.png
8480003,Jesper Boqvist,Jesper Boqvist,F,,FLA,Florida Panthers,https://assets.nhle.com/mugs/nhl/20252026/FLA/8480003.png
8479981,Jonah Gadjovich,Jonah Gadjovich,F,,FLA,Florida Panthers,https://assets.nhle.com/mugs/nhl/20252026/FLA/8479981.png
8478421,A.J. Greer,A.J. Greer,F,,FLA,Florida Panthers,https://assets.nhle.com/mugs/nhl/20252026/FLA/8478421.png
8479393,Noah Gregor,Noah Gregor,F,,FLA,Florida Panthers,https://assets.nhle.com/mugs/nhl/20252026/FLA/8479393.png
8479316,Luke Kunin,Luke Kunin,F,,FLA,Florida Panthers,https://assets.nhle.com/mugs/nhl/20252026/FLA/8479316.png
8482113,Anton Lundell,Anton Lundell,F,,FLA,Florida Panthers,https://assets.nhle.com/mugs/nhl/20252026/FLA/8482113.png
8480185,Eetu Luostarinen,Eetu Luostarinen,F,,FLA,Florida Panthers,https://assets.nhle.com/mugs/nhl/20252026/FLA/8480185.png
8473419,Brad Marchand,Brad Marchand,F,,FLA,Florida Panthers,https://assets.nhle.com/mugs/nhl/20252026/FLA/8473419.png
8477933,Sam Reinhart,Sam Reinhart,F,,FLA,Florida Panthers,https://assets.nhle.com/mugs/nhl/20252026/FLA/8477933.png
8478542,Evan Rodrigues,Evan Rodrigues,F,,FLA,Florida Panthers,https://assets.nhle.com/mugs/nhl/20252026/FLA/8478542.png
8482713,Mackie Samoskevich,Mackie Samoskevich,F,,FLA,Florida Panthers,https://assets.nhle.com/mugs/nhl/20252026/FLA/8482713.png
8481655,Cole Schwindt,Cole Schwindt,F,,FLA,Florida Panthers,https://assets.nhle.com/mugs/nhl/20252026/FLA/8481655.png
8480021,Jack Studnicka,Jack Studnicka,F,,FLA,Florida Panthers,https://assets.nhle.com/mugs/nhl/20252026/FLA/8480021.png
8477409,Carter Verhaeghe,Carter Verhaeghe,F,,FLA,Florida Panthers,https://assets.nhle.com/mugs/nhl/20252026/FLA/8477409.png
8484304,Uvis Balinskis,Uvis Balinskis,D,,FLA,Florida Panthers,https://assets.nhle.com/mugs/nhl/20252026/FLA/8484304.png
8477932,Aaron Ekblad,Aaron Ekblad,D,,FLA,Florida Panthers,https://assets.nhle.com/mugs/nhl/20252026/FLA/8477932.png
8478055,Gustav Forsling,Gustav Forsling,D,,FLA,Florida Panthers,https://assets.nhle.com/mugs/nhl/20252026/FLA/8478055.png
8477495,Seth Jones,Seth Jones,D,,FLA,Florida Panthers,https://assets.nhle.com/mugs/nhl/20252026/FLA/8477495.png
8475179,Dmitry Kulikov,Dmitry Kulikov,D,,FLA,Florida Panthers,https://assets.nhle.com/mugs/nhl/20252026/FLA/8475179.png
8478859,Niko Mikkola,Niko Mikkola,D,,FLA,Florida Panthers,https://assets.nhle.com/mugs/nhl/20252026/FLA/8478859.png
8473507,Jeff Petry,Jeff Petry,D,,FLA,Florida Panthers,https://assets.nhle.com/mugs/nhl/20252026/FLA/8473507.png
8482131,Donovan Sebrango,Donovan Sebrango,D,,FLA,Florida Panthers,https://assets.nhle.com/mugs/nhl/20252026/FLA/8482131.png
8475683,Sergei Bobrovsky,Sergei Bobrovsky,G,,FLA,Florida Panthers,https://assets.nhle.com/mugs/nhl/20252026/FLA/8475683.png
8480193,Daniil Tarasov,Daniil Tarasov,G,,FLA,Florida Panthers,https://assets.nhle.com/mugs/nhl/20252026/FLA/8480193.png
8484158,Easton Cowan,Easton Cowan,F,,TOR,Toronto Maple Leafs,https://assets.nhle.com/mugs/nhl/20252026/TOR/8484158.png
8477503,Max Domi,Max Domi,F,,TOR,Toronto Maple Leafs,https://assets.nhle.com/mugs/nhl/20252026/TOR/8477503.png
8475714,Calle Jarnkrok,Calle Jarnkrok,F,,TOR,Toronto Maple Leafs,https://assets.nhle.com/mugs/nhl/20252026/TOR/8475714.png
8478057,Dakota Joshua,Dakota Joshua,F,,TOR,Toronto Maple Leafs,https://assets.nhle.com/mugs/nhl/20252026/TOR/8478057.png
8482720,Matthew Knies,Matthew Knies,F,,TOR,Toronto Maple Leafs,https://assets.nhle.com/mugs/nhl/20252026/TOR/8482720.png
8476872,Scott Laughton,Scott Laughton,F,,TOR,Toronto Maple Leafs,https://assets.nhle.com/mugs/nhl/20252026/TOR/8476872.png
8478904,Steven Lorentz,Steven Lorentz,F,,TOR,Toronto Maple Leafs,https://assets.nhle.com/mugs/nhl/20252026/TOR/8478904.png
8481711,Matias Maccelli,Matias Maccelli,F,,TOR,Toronto Maple Leafs,https://assets.nhle.com/mugs/nhl/20252026/TOR/8481711.png
8479318,Auston Matthews,Auston Matthews,F,,TOR,Toronto Maple Leafs,https://assets.nhle.com/mugs/nhl/20252026/TOR/8479318.png
8482259,Bobby McMann,Bobby McMann,F,,TOR,Toronto Maple Leafs,https://assets.nhle.com/mugs/nhl/20252026/TOR/8482259.png
8477939,William Nylander,William Nylander,F,,TOR,Toronto Maple Leafs,https://assets.nhle.com/mugs/nhl/20252026/TOR/8477939.png
8481582,Nicholas Robertson,Nicholas Robertson,F,,TOR,Toronto Maple Leafs,https://assets.nhle.com/mugs/nhl/20252026/TOR/8481582.png
8478462,Nicolas Roy,Nicolas Roy,F,,TOR,Toronto Maple Leafs,https://assets.nhle.com/mugs/nhl/20252026/TOR/8478462.png
8475166,John Tavares,John Tavares,F,,TOR,Toronto Maple Leafs,https://assets.nhle.com/mugs/nhl/20252026/TOR/8475166.png
8481122,Simon Benoit,Simon Benoit,D,,TOR,Toronto Maple Leafs,https://assets.nhle.com/mugs/nhl/20252026/TOR/8481122.png
8478443,Brandon Carlo,Brandon Carlo,D,,TOR,Toronto Maple Leafs,https://assets.nhle.com/mugs/nhl/20252026/TOR/8478443.png
8475171,Oliver Ekman-Larsson,Oliver Ekman-Larsson,D,,TOR,Toronto Maple Leafs,https://assets.nhle.com/mugs/nhl/20252026/TOR/8475171.png
8476931,Jake McCabe,Jake McCabe,D,,TOR,Toronto Maple Leafs,https://assets.nhle.com/mugs/nhl/20252026/TOR/8476931.png
8477541,Dakota Mermis,Dakota Mermis,D,,TOR,Toronto Maple Leafs,https://assets.nhle.com/mugs/nhl/20252026/TOR/8477541.png
8479026,Philippe Myers,Philippe Myers,D,,TOR,Toronto Maple Leafs,https://assets.nhle.com/mugs/nhl/20252026/TOR/8479026.png
8476853,Morgan Rielly,Morgan Rielly,D,,TOR,Toronto Maple Leafs,https://assets.nhle.com/mugs/nhl/20252026/TOR/8476853.png
8479442,Troy Stecher,Troy Stecher,D,,TOR,Toronto Maple Leafs,https://assets.nhle.com/mugs/nhl/20252026/TOR/8479442.png
8475690,Chris Tanev,Chris Tanev,D,,TOR,Toronto Maple Leafs,https://assets.nhle.com/mugs/nhl/20252026/TOR/8475690.png
8481567,Henry Thrun,Henry Thrun,D,,TOR,Toronto Maple Leafs,https://assets.nhle.com/mugs/nhl/20252026/TOR/8481567.png
8482515,Artur Akhtyamov,Artur Akhtyamov,G,,TOR,Toronto Maple Leafs,https://assets.nhle.com/mugs/nhl/20252026/TOR/8482515.png
8483710,Dennis Hildeby,Dennis Hildeby,G,,TOR,Toronto Maple Leafs,https://assets.nhle.com/mugs/nhl/20252026/TOR/8483710.png
8476932,Anthony Stolarz,Anthony Stolarz,G,,TOR,Toronto Maple Leafs,https://assets.nhle.com/mugs/nhl/20252026/TOR/8476932.png
8479361,Joseph Woll,Joseph Woll,G,,TOR,Toronto Maple Leafs,https://assets.nhle.com/mugs/nhl/20252026/TOR/8479361.png
8478020,Michael Amadio,Michael Amadio,F,,OTT,Ottawa Senators,https://assets.nhle.com/mugs/nhl/20252026/OTT/8478020.png
8480208,Drake Batherson,Drake Batherson,F,,OTT,Ottawa Senators,https://assets.nhle.com/mugs/nhl/20252026/OTT/8480208.png
8476393,Nick Cousins,Nick Cousins,F,,OTT,Ottawa Senators,https://assets.nhle.com/mugs/nhl/20252026/OTT/8476393.png
8481528,Dylan Cozens,Dylan Cozens,F,,OTT,Ottawa Senators,https://assets.nhle.com/mugs/nhl/20252026/OTT/8481528.png
8474189,Lars Eller,Lars Eller,F,,OTT,Ottawa Senators,https://assets.nhle.com/mugs/nhl/20252026/OTT/8474189.png
8473512,Claude Giroux,Claude Giroux,F,,OTT,Ottawa Senators,https://assets.nhle.com/mugs/nhl/20252026/OTT/8473512.png
8482092,Ridly Greig,Ridly Greig,F,,OTT,Ottawa Senators,https://assets.nhle.com/mugs/nhl/20252026/OTT/8482092.png
8483676,Stephen Halliday,Stephen Halliday,F,,OTT,Ottawa Senators,https://assets.nhle.com/mugs/nhl/20252026/OTT/8483676.png
8480245,Olle Lycksell,Olle Lycksell,F,,OTT,Ottawa Senators,https://assets.nhle.com/mugs/nhl/20252026/OTT/8480245.png
8477073,Kurtis MacDermid,Kurtis MacDermid,F,,OTT,Ottawa Senators,https://assets.nhle.com/mugs/nhl/20252026/OTT/8477073.png
8474102,David Perron,David Perron,F,,OTT,Ottawa Senators,https://assets.nhle.com/mugs/nhl/20252026/OTT/8474102.png
8481596,Shane Pinto,Shane Pinto,F,,OTT,Ottawa Senators,https://assets.nhle.com/mugs/nhl/20252026/OTT/8481596.png
8482116,Tim Stützle,Tim Stützle,F,,OTT,Ottawa Senators,https://assets.nhle.com/mugs/nhl/20252026/OTT/8482116.png
8480801,Brady Tkachuk,Brady Tkachuk,F,,OTT,Ottawa Senators,https://assets.nhle.com/mugs/nhl/20252026/OTT/8480801.png
8480188,Fabian Zetterlund,Fabian Zetterlund,F,,OTT,Ottawa Senators,https://assets.nhle.com/mugs/nhl/20252026/OTT/8480188.png
8478469,Thomas Chabot,Thomas Chabot,D,,OTT,Ottawa Senators,https://assets.nhle.com/mugs/nhl/20252026/OTT/8478469.png
8478502,Dennis Gilbert,Dennis Gilbert,D,,OTT,Ottawa Senators,https://assets.nhle.com/mugs/nhl/20252026/OTT/8478502.png
8475324,Nick Jensen,Nick Jensen,D,,OTT,Ottawa Senators,https://assets.nhle.com/mugs/nhl/20252026/OTT/8475324.png
8482095,Tyler Kleven,Tyler Kleven,D,,OTT,Ottawa Senators,https://assets.nhle.com/mugs/nhl/20252026/OTT/8482095.png
8484321,Nikolas Matinpalo,Nikolas Matinpalo,D,,OTT,Ottawa Senators,https://assets.nhle.com/mugs/nhl/20252026/OTT/8484321.png
8482105,Jake Sanderson,Jake Sanderson,D,,OTT,Ottawa Senators,https://assets.nhle.com/mugs/nhl/20252026/OTT/8482105.png
8481606,Jordan Spence,Jordan Spence,D,,OTT,Ottawa Senators,https://assets.nhle.com/mugs/nhl/20252026/OTT/8481606.png
8482245,Artem Zub,Artem Zub,D,,OTT,Ottawa Senators,https://assets.nhle.com/mugs/nhl/20252026/OTT/8482245.png
8482447,Leevi Meriläinen,Leevi Meriläinen,G,,OTT,Ottawa Senators,https://assets.nhle.com/mugs/nhl/20252026/OTT/8482447.png
8476999,Linus Ullmark,Linus Ullmark,G,,OTT,Ottawa Senators,https://assets.nhle.com/mugs/nhl/20252026/OTT/8476999.png
8484144,Connor Bedard,Connor Bedard,F,,CHI,Chicago Blackhawks,https://assets.nhle.com/mugs/nhl/20252026/CHI/8484144.png
8477479,Tyler Bertuzzi,Tyler Bertuzzi,F,,CHI,Chicago Blackhawks,https://assets.nhle.com/mugs/nhl/20252026/CHI/8477479.png
8477444,Andre Burakovsky,Andre Burakovsky,F,,CHI,Chicago Blackhawks,https://assets.nhle.com/mugs/nhl/20252026/CHI/8477444.png
8482703,Colton Dach,Colton Dach,F,,CHI,Chicago Blackhawks,https://assets.nhle.com/mugs/nhl/20252026/CHI/8482703.png
8477450,Jason Dickinson,Jason Dickinson,F,,CHI,Chicago Blackhawks,https://assets.nhle.com/mugs/nhl/20252026/CHI/8477450.png
8477987,Ryan Donato,Ryan Donato,F,,CHI,Chicago Blackhawks,https://assets.nhle.com/mugs/nhl/20252026/CHI/8477987.png
8473422,Nick Foligno,Nick Foligno,F,,CHI,Chicago Blackhawks,https://assets.nhle.com/mugs/nhl/20252026/CHI/8473422.png
8483450,Ryan Greene,Ryan Greene,F,,CHI,Chicago Blackhawks,https://assets.nhle.com/mugs/nhl/20252026/CHI/8483450.png
8478043,Sam Lafferty,Sam Lafferty,F,,CHI,Chicago Blackhawks,https://assets.nhle.com/mugs/nhl/20252026/CHI/8478043.png
8484185,Nick Lardis,Nick Lardis,F,,CHI,Chicago Blackhawks,https://assets.nhle.com/mugs/nhl/20252026/CHI/8484185.png
8481624,Ilya Mikheyev,Ilya Mikheyev,F,,CHI,Chicago Blackhawks,https://assets.nhle.com/mugs/nhl/20252026/CHI/8481624.png
8484197,Oliver Moore,Oliver Moore,F,,CHI,Chicago Blackhawks,https://assets.nhle.com/mugs/nhl/20252026/CHI/8484197.png
8483493,Frank Nazar,Frank Nazar,F,,CHI,Chicago Blackhawks,https://assets.nhle.com/mugs/nhl/20252026/CHI/8483493.png
8476882,Teuvo Teravainen,Teuvo Teravainen,F,,CHI,Chicago Blackhawks,https://assets.nhle.com/mugs/nhl/20252026/CHI/8476882.png
8476952,Dominic Toninato,Dominic Toninato,F,,CHI,Chicago Blackhawks,https://assets.nhle.com/mugs/nhl/20252026/CHI/8476952.png
8481806,Louis Crevier,Louis Crevier,D,,CHI,Chicago Blackhawks,https://assets.nhle.com/mugs/nhl/20252026/CHI/8481806.png
8476891,Matt Grzelcyk,Matt Grzelcyk,D,,CHI,Chicago Blackhawks,https://assets.nhle.com/mugs/nhl/20252026/CHI/8476891.png
8482176,Wyatt Kaiser,Wyatt Kaiser,D,,CHI,Chicago Blackhawks,https://assets.nhle.com/mugs/nhl/20252026/CHI/8482176.png
8484783,Artyom Levshunov,Artyom Levshunov,D,,CHI,Chicago Blackhawks,https://assets.nhle.com/mugs/nhl/20252026/CHI/8484783.png
8476473,Connor Murphy,Connor Murphy,D,,CHI,Chicago Blackhawks,https://assets.nhle.com/mugs/nhl/20252026/CHI/8476473.png
8481568,Alex Vlasic,Alex Vlasic,D,,CHI,Chicago Blackhawks,https://assets.nhle.com/mugs/nhl/20252026/CHI/8481568.png
8476316,Laurent Brossoit,Laurent Brossoit,G,,CHI,Chicago Blackhawks,https://assets.nhle.com/mugs/nhl/20252026/CHI/8476316.png
8481519,Spencer Knight,Spencer Knight,G,,CHI,Chicago Blackhawks,https://assets.nhle.com/mugs/nhl/20252026/CHI/8481519.png
8482821,Arvid Soderblom,Arvid Soderblom,G,,CHI,Chicago Blackhawks,https://assets.nhle.com/mugs/nhl/20252026/CHI/8482821.png
8484145,Zach Benson,Zach Benson,F,,BUF,Buffalo Sabres,https://assets.nhle.com/mugs/nhl/20252026/BUF/8484145.png
8479941,Justin Danforth,Justin Danforth,F,,BUF,Buffalo Sabres,https://assets.nhle.com/mugs/nhl/20252026/BUF/8479941.png
8482659,Josh Doan,Josh Doan,F,,BUF,Buffalo Sabres,https://assets.nhle.com/mugs/nhl/20252026/BUF/8482659.png
8482623,Josh Dunne,Josh Dunne,F,,BUF,Buffalo Sabres,https://assets.nhle.com/mugs/nhl/20252026/BUF/8482623.png
8478413,Jordan Greenway,Jordan Greenway,F,,BUF,Buffalo Sabres,https://assets.nhle.com/mugs/nhl/20252026/BUF/8478413.png
8482896,Tyson Kozak,Tyson Kozak,F,,BUF,Buffalo Sabres,https://assets.nhle.com/mugs/nhl/20252026/BUF/8482896.png
8481522,Peyton Krebs,Peyton Krebs,F,,BUF,Buffalo Sabres,https://assets.nhle.com/mugs/nhl/20252026/BUF/8481522.png
8483468,Jiri Kulich,Jiri Kulich,F,,BUF,Buffalo Sabres,https://assets.nhle.com/mugs/nhl/20252026/BUF/8483468.png
8479359,Beck Malenstyn,Beck Malenstyn,F,,BUF,Buffalo Sabres,https://assets.nhle.com/mugs/nhl/20252026/BUF/8479359.png
8480802,Ryan McLeod,Ryan McLeod,F,,BUF,Buffalo Sabres,https://assets.nhle.com/mugs/nhl/20252026/BUF/8480802.png
8480064,Josh Norris,Josh Norris,F,,BUF,Buffalo Sabres,https://assets.nhle.com/mugs/nhl/20252026/BUF/8480064.png
8483500,Noah Ostlund,Noah Ostlund,F,,BUF,Buffalo Sabres,https://assets.nhle.com/mugs/nhl/20252026/BUF/8483500.png
8482097,Jack Quinn,Jack Quinn,F,,BUF,Buffalo Sabres,https://assets.nhle.com/mugs/nhl/20252026/BUF/8482097.png
8482765,Isak Rosen,Isak Rosen,F,,BUF,Buffalo Sabres,https://assets.nhle.com/mugs/nhl/20252026/BUF/8482765.png
8479420,Tage Thompson,Tage Thompson,F,,BUF,Buffalo Sabres,https://assets.nhle.com/mugs/nhl/20252026/BUF/8479420.png
8477949,Alex Tuch,Alex Tuch,F,,BUF,Buffalo Sabres,https://assets.nhle.com/mugs/nhl/20252026/BUF/8477949.png
8475722,Jason Zucker,Jason Zucker,F,,BUF,Buffalo Sabres,https://assets.nhle.com/mugs/nhl/20252026/BUF/8475722.png
8480196,Jacob Bryson,Jacob Bryson,D,,BUF,Buffalo Sabres,https://assets.nhle.com/mugs/nhl/20252026/BUF/8480196.png
8481524,Bowen Byram,Bowen Byram,D,,BUF,Buffalo Sabres,https://assets.nhle.com/mugs/nhl/20252026/BUF/8481524.png
8480839,Rasmus Dahlin,Rasmus Dahlin,D,,BUF,Buffalo Sabres,https://assets.nhle.com/mugs/nhl/20252026/BUF/8480839.png
8480891,Michael Kesselring,Michael Kesselring,D,,BUF,Buffalo Sabres,https://assets.nhle.com/mugs/nhl/20252026/BUF/8480891.png
8482671,Owen Power,Owen Power,D,,BUF,Buffalo Sabres,https://assets.nhle.com/mugs/nhl/20252026/BUF/8482671.png
8480807,Mattias Samuelsson,Mattias Samuelsson,D,,BUF,Buffalo Sabres,https://assets.nhle.com/mugs/nhl/20252026/BUF/8480807.png
8479982,Conor Timmins,Conor Timmins,D,,BUF,Buffalo Sabres,https://assets.nhle.com/mugs/nhl/20252026/BUF/8479982.png
8481551,Colten Ellis,Colten Ellis,G,,BUF,Buffalo Sabres,https://assets.nhle.com/mugs/nhl/20252026/BUF/8481551.png
8480045,Ukko-Pekka Luukkonen,Ukko-Pekka Luukkonen,G,,BUF,Buffalo Sabres,https://assets.nhle.com/mugs/nhl/20252026/BUF/8480045.png
8479312,Alex Lyon,Alex Lyon,G,,BUF,Buffalo Sabres,https://assets.nhle.com/mugs/nhl/20252026/BUF/8479312.png
8479944,Zachary Aston-Reese,Zachary Aston-Reese,F,,CBJ,Columbus Blue Jackets,https://assets.nhle.com/mugs/nhl/20252026/CBJ/8479944.png
8482475,Yegor Chinakhov,Yegor Chinakhov,F,,CBJ,Columbus Blue Jackets,https://assets.nhle.com/mugs/nhl/20252026/CBJ/8482475.png
8475745,Charlie Coyle,Charlie Coyle,F,,CBJ,Columbus Blue Jackets,https://assets.nhle.com/mugs/nhl/20252026/CBJ/8475745.png
8484166,Adam Fantilli,Adam Fantilli,F,,CBJ,Columbus Blue Jackets,https://assets.nhle.com/mugs/nhl/20252026/CBJ/8484166.png
8476867,Brendan Gaunce,Brendan Gaunce,F,,CBJ,Columbus Blue Jackets,https://assets.nhle.com/mugs/nhl/20252026/CBJ/8476867.png
8476432,Boone Jenner,Boone Jenner,F,,CBJ,Columbus Blue Jackets,https://assets.nhle.com/mugs/nhl/20252026/CBJ/8476432.png
8482660,Kent Johnson,Kent Johnson,F,,CBJ,Columbus Blue Jackets,https://assets.nhle.com/mugs/nhl/20252026/CBJ/8482660.png
8480806,Isac Lundeström,Isac Lundeström,F,,CBJ,Columbus Blue Jackets,https://assets.nhle.com/mugs/nhl/20252026/CBJ/8480806.png
8480893,Kirill Marchenko,Kirill Marchenko,F,,CBJ,Columbus Blue Jackets,https://assets.nhle.com/mugs/nhl/20252026/CBJ/8480893.png
8477497,Sean Monahan,Sean Monahan,F,,CBJ,Columbus Blue Jackets,https://assets.nhle.com/mugs/nhl/20252026/CBJ/8477497.png
8479671,Mathieu Olivier,Mathieu Olivier,F,,CBJ,Columbus Blue Jackets,https://assets.nhle.com/mugs/nhl/20252026/CBJ/8479671.png
8484214,Luca Pinelli,Luca Pinelli,F,,CBJ,Columbus Blue Jackets,https://assets.nhle.com/mugs/nhl/20252026/CBJ/8484214.png
8482705,Cole Sillinger,Cole Sillinger,F,,CBJ,Columbus Blue Jackets,https://assets.nhle.com/mugs/nhl/20252026/CBJ/8482705.png
8481716,Dmitri Voronkov,Dmitri Voronkov,F,,CBJ,Columbus Blue Jackets,https://assets.nhle.com/mugs/nhl/20252026/CBJ/8481716.png
8477425,Miles Wood,Miles Wood,F,,CBJ,Columbus Blue Jackets,https://assets.nhle.com/mugs/nhl/20252026/CBJ/8477425.png
8481161,Jake Christiansen,Jake Christiansen,D,,CBJ,Columbus Blue Jackets,https://assets.nhle.com/mugs/nhl/20252026/CBJ/8481161.png
8479371,Dante Fabbro,Dante Fabbro,D,,CBJ,Columbus Blue Jackets,https://assets.nhle.com/mugs/nhl/20252026/CBJ/8479371.png
8475790,Erik Gudbranson,Erik Gudbranson,D,,CBJ,Columbus Blue Jackets,https://assets.nhle.com/mugs/nhl/20252026/CBJ/8475790.png
8483485,Denton Mateychuk,Denton Mateychuk,D,,CBJ,Columbus Blue Jackets,https://assets.nhle.com/mugs/nhl/20252026/CBJ/8483485.png
8478500,Ivan Provorov,Ivan Provorov,D,,CBJ,Columbus Blue Jackets,https://assets.nhle.com/mugs/nhl/20252026/CBJ/8478500.png
8476923,Damon Severson,Damon Severson,D,,CBJ,Columbus Blue Jackets,https://assets.nhle.com/mugs/nhl/20252026/CBJ/8476923.png
8474090,Brendan Smith,Brendan Smith,D,,CBJ,Columbus Blue Jackets,https://assets.nhle.com/mugs/nhl/20252026/CBJ/8474090.png
8478460,Zach Werenski,Zach Werenski,D,,CBJ,Columbus Blue Jackets,https://assets.nhle.com/mugs/nhl/20252026/CBJ/8478460.png
8482982,Jet Greaves,Jet Greaves,G,,CBJ,Columbus Blue Jackets,https://assets.nhle.com/mugs/nhl/20252026/CBJ/8482982.png
8478007,Elvis Merzlikins,Elvis Merzlikins,G,,CBJ,Columbus Blue Jackets,https://assets.nhle.com/mugs/nhl/20252026/CBJ/8478007.png
8480289,Morgan Barron,Morgan Barron,F,,WPG,Winnipeg Jets,https://assets.nhle.com/mugs/nhl/20252026/WPG/8480289.png
8478398,Kyle Connor,Kyle Connor,F,,WPG,Winnipeg Jets,https://assets.nhle.com/mugs/nhl/20252026/WPG/8478398.png
8480113,Alex Iafallo,Alex Iafallo,F,,WPG,Winnipeg Jets,https://assets.nhle.com/mugs/nhl/20252026/WPG/8480113.png
8481043,Cole Koepke,Cole Koepke,F,,WPG,Winnipeg Jets,https://assets.nhle.com/mugs/nhl/20252026/WPG/8481043.png
8476392,Adam Lowry,Adam Lowry,F,,WPG,Winnipeg Jets,https://assets.nhle.com/mugs/nhl/20252026/WPG/8476392.png
8476480,Vladislav Namestnikov,Vladislav Namestnikov,F,,WPG,Winnipeg Jets,https://assets.nhle.com/mugs/nhl/20252026/WPG/8476480.png
8475799,Nino Niederreiter,Nino Niederreiter,F,,WPG,Winnipeg Jets,https://assets.nhle.com/mugs/nhl/20252026/WPG/8475799.png
8474679,Gustav Nyquist,Gustav Nyquist,F,,WPG,Winnipeg Jets,https://assets.nhle.com/mugs/nhl/20252026/WPG/8474679.png
8476871,Tanner Pearson,Tanner Pearson,F,,WPG,Winnipeg Jets,https://assets.nhle.com/mugs/nhl/20252026/WPG/8476871.png
8482149,Cole Perfetti,Cole Perfetti,F,,WPG,Winnipeg Jets,https://assets.nhle.com/mugs/nhl/20252026/WPG/8482149.png
8476460,Mark Scheifele,Mark Scheifele,F,,WPG,Winnipeg Jets,https://assets.nhle.com/mugs/nhl/20252026/WPG/8476460.png
8473604,Jonathan Toews,Jonathan Toews,F,,WPG,Winnipeg Jets,https://assets.nhle.com/mugs/nhl/20252026/WPG/8473604.png
8480014,Gabriel Vilardi,Gabriel Vilardi,F,,WPG,Winnipeg Jets,https://assets.nhle.com/mugs/nhl/20252026/WPG/8480014.png
8476331,Dylan DeMelo,Dylan DeMelo,D,,WPG,Winnipeg Jets,https://assets.nhle.com/mugs/nhl/20252026/WPG/8476331.png
8477938,Haydn Fleury,Haydn Fleury,D,,WPG,Winnipeg Jets,https://assets.nhle.com/mugs/nhl/20252026/WPG/8477938.png
8476525,Colin Miller,Colin Miller,D,,WPG,Winnipeg Jets,https://assets.nhle.com/mugs/nhl/20252026/WPG/8476525.png
8477504,Josh Morrissey,Josh Morrissey,D,,WPG,Winnipeg Jets,https://assets.nhle.com/mugs/nhl/20252026/WPG/8477504.png
8480145,Neal Pionk,Neal Pionk,D,,WPG,Winnipeg Jets,https://assets.nhle.com/mugs/nhl/20252026/WPG/8480145.png
8480049,Dylan Samberg,Dylan Samberg,D,,WPG,Winnipeg Jets,https://assets.nhle.com/mugs/nhl/20252026/WPG/8480049.png
8474568,Luke Schenn,Luke Schenn,D,,WPG,Winnipeg Jets,https://assets.nhle.com/mugs/nhl/20252026/WPG/8474568.png
8479378,Logan Stanley,Logan Stanley,D,,WPG,Winnipeg Jets,https://assets.nhle.com/mugs/nhl/20252026/WPG/8479378.png
8477480,Eric Comrie,Eric Comrie,G,,WPG,Winnipeg Jets,https://assets.nhle.com/mugs/nhl/20252026/WPG/8477480.png
8476945,Connor Hellebuyck,Connor Hellebuyck,G,,WPG,Winnipeg Jets,https://assets.nhle.com/mugs/nhl/20252026/WPG/8476945.png
8475760,Nick Bjugstad,Nick Bjugstad,F,,STL,St. Louis Blues,https://assets.nhle.com/mugs/nhl/20252026/STL/8475760.png
8477402,Pavel Buchnevich,Pavel Buchnevich,F,,STL,St. Louis Blues,https://assets.nhle.com/mugs/nhl/20252026/STL/8477402.png
8484164,Dalibor Dvorsky,Dalibor Dvorsky,F,,STL,St. Louis Blues,https://assets.nhle.com/mugs/nhl/20252026/STL/8484164.png
8477952,Robby Fabbri,Robby Fabbri,F,,STL,St. Louis Blues,https://assets.nhle.com/mugs/nhl/20252026/STL/8477952.png
8482077,Dylan Holloway,Dylan Holloway,F,,STL,St. Louis Blues,https://assets.nhle.com/mugs/nhl/20252026/STL/8482077.png
8478472,Mathieu Joseph,Mathieu Joseph,F,,STL,St. Louis Blues,https://assets.nhle.com/mugs/nhl/20252026/STL/8478472.png
8479385,Jordan Kyrou,Jordan Kyrou,F,,STL,St. Louis Blues,https://assets.nhle.com/mugs/nhl/20252026/STL/8479385.png
8479644,Matt Luff,Matt Luff,F,,STL,St. Louis Blues,https://assets.nhle.com/mugs/nhl/20252026/STL/8479644.png
8481070,Hugh McGing,Hugh McGing,F,,STL,St. Louis Blues,https://assets.nhle.com/mugs/nhl/20252026/STL/8481070.png
8482089,Jake Neighbours,Jake Neighbours,F,,STL,St. Louis Blues,https://assets.nhle.com/mugs/nhl/20252026/STL/8482089.png
8475170,Brayden Schenn,Brayden Schenn,F,,STL,St. Louis Blues,https://assets.nhle.com/mugs/nhl/20252026/STL/8475170.png
8483516,Jimmy Snuggerud,Jimmy Snuggerud,F,,STL,St. Louis Blues,https://assets.nhle.com/mugs/nhl/20252026/STL/8483516.png
8476897,Oskar Sundqvist,Oskar Sundqvist,F,,STL,St. Louis Blues,https://assets.nhle.com/mugs/nhl/20252026/STL/8476897.png
8480459,Pius Suter,Pius Suter,F,,STL,St. Louis Blues,https://assets.nhle.com/mugs/nhl/20252026/STL/8480459.png
8480023,Robert Thomas,Robert Thomas,F,,STL,St. Louis Blues,https://assets.nhle.com/mugs/nhl/20252026/STL/8480023.png
8480281,Alexey Toropchenko,Alexey Toropchenko,F,,STL,St. Louis Blues,https://assets.nhle.com/mugs/nhl/20252026/STL/8480281.png
8477573,Nathan Walker,Nathan Walker,F,,STL,St. Louis Blues,https://assets.nhle.com/mugs/nhl/20252026/STL/8477573.png
8481598,Philip Broberg,Philip Broberg,D,,STL,St. Louis Blues,https://assets.nhle.com/mugs/nhl/20252026/STL/8481598.png
8475753,Justin Faulk,Justin Faulk,D,,STL,St. Louis Blues,https://assets.nhle.com/mugs/nhl/20252026/STL/8475753.png
8475764,Cam Fowler,Cam Fowler,D,,STL,St. Louis Blues,https://assets.nhle.com/mugs/nhl/20252026/STL/8475764.png
8482516,Matthew Kessel,Matthew Kessel,D,,STL,St. Louis Blues,https://assets.nhle.com/mugs/nhl/20252026/STL/8482516.png
8482733,Logan Mailloux,Logan Mailloux,D,,STL,St. Louis Blues,https://assets.nhle.com/mugs/nhl/20252026/STL/8482733.png
8476892,Colton Parayko,Colton Parayko,D,,STL,St. Louis Blues,https://assets.nhle.com/mugs/nhl/20252026/STL/8476892.png
8481006,Tyler Tucker,Tyler Tucker,D,,STL,St. Louis Blues,https://assets.nhle.com/mugs/nhl/20252026/STL/8481006.png
8476412,Jordan Binnington,Jordan Binnington,G,,STL,St. Louis Blues,https://assets.nhle.com/mugs/nhl/20252026/STL/8476412.png
8480981,Joel Hofer,Joel Hofer,G,,STL,St. Louis Blues,https://assets.nhle.com/mugs/nhl/20252026/STL/8480981.png
8482665,Matty Beniers,Matty Beniers,F,,SEA,Seattle Kraken,https://assets.nhle.com/mugs/nhl/20252026/SEA/8482665.png
8484800,Berkly Catton,Berkly Catton,F,,SEA,Seattle Kraken,https://assets.nhle.com/mugs/nhl/20252026/SEA/8484800.png
8474586,Jordan Eberle,Jordan Eberle,F,,SEA,Seattle Kraken,https://assets.nhle.com/mugs/nhl/20252026/SEA/8474586.png
8477919,Frederick Gaudreau,Frederick Gaudreau,F,,SEA,Seattle Kraken,https://assets.nhle.com/mugs/nhl/20252026/SEA/8477919.png
8481554,Kaapo Kakko,Kaapo Kakko,F,,SEA,Seattle Kraken,https://assets.nhle.com/mugs/nhl/20252026/SEA/8481554.png
8481789,Tye Kartye,Tye Kartye,F,,SEA,Seattle Kraken,https://assets.nhle.com/mugs/nhl/20252026/SEA/8481789.png
8478975,Mason Marchment,Mason Marchment,F,,SEA,Seattle Kraken,https://assets.nhle.com/mugs/nhl/20252026/SEA/8478975.png
8477955,Jared McCann,Jared McCann,F,,SEA,Seattle Kraken,https://assets.nhle.com/mugs/nhl/20252026/SEA/8477955.png
8482874,Jacob Melanson,Jacob Melanson,F,,SEA,Seattle Kraken,https://assets.nhle.com/mugs/nhl/20252026/SEA/8482874.png
8483570,Ben Meyers,Ben Meyers,F,,SEA,Seattle Kraken,https://assets.nhle.com/mugs/nhl/20252026/SEA/8483570.png
8483497,Jani Nyman,Jani Nyman,F,,SEA,Seattle Kraken,https://assets.nhle.com/mugs/nhl/20252026/SEA/8483497.png
8475768,Jaden Schwartz,Jaden Schwartz,F,,SEA,Seattle Kraken,https://assets.nhle.com/mugs/nhl/20252026/SEA/8475768.png
8476905,Chandler Stephenson,Chandler Stephenson,F,,SEA,Seattle Kraken,https://assets.nhle.com/mugs/nhl/20252026/SEA/8476905.png
8480009,Eeli Tolvanen,Eeli Tolvanen,F,,SEA,Seattle Kraken,https://assets.nhle.com/mugs/nhl/20252026/SEA/8480009.png
8482751,Ryan Winterton,Ryan Winterton,F,,SEA,Seattle Kraken,https://assets.nhle.com/mugs/nhl/20252026/SEA/8482751.png
8483524,Shane Wright,Shane Wright,F,,SEA,Seattle Kraken,https://assets.nhle.com/mugs/nhl/20252026/SEA/8483524.png
8478407,Vince Dunn,Vince Dunn,D,,SEA,Seattle Kraken,https://assets.nhle.com/mugs/nhl/20252026/SEA/8478407.png
8482858,Ryker Evans,Ryker Evans,D,,SEA,Seattle Kraken,https://assets.nhle.com/mugs/nhl/20252026/SEA/8482858.png
8479985,Cale Fleury,Cale Fleury,D,,SEA,Seattle Kraken,https://assets.nhle.com/mugs/nhl/20252026/SEA/8479985.png
8476457,Adam Larsson,Adam Larsson,D,,SEA,Seattle Kraken,https://assets.nhle.com/mugs/nhl/20252026/SEA/8476457.png
8479324,Ryan Lindgren,Ryan Lindgren,D,,SEA,Seattle Kraken,https://assets.nhle.com/mugs/nhl/20252026/SEA/8479324.png
8479372,Joshua Mahura,Joshua Mahura,D,,SEA,Seattle Kraken,https://assets.nhle.com/mugs/nhl/20252026/SEA/8479372.png
8477986,Brandon Montour,Brandon Montour,D,,SEA,Seattle Kraken,https://assets.nhle.com/mugs/nhl/20252026/SEA/8477986.png
8476467,Jamie Oleksiak,Jamie Oleksiak,D,,SEA,Seattle Kraken,https://assets.nhle.com/mugs/nhl/20252026/SEA/8476467.png
8478916,Joey Daccord,Joey Daccord,G,,SEA,Seattle Kraken,https://assets.nhle.com/mugs/nhl/20252026/SEA/8478916.png
8475831,Philipp Grubauer,Philipp Grubauer,G,,SEA,Seattle Kraken,https://assets.nhle.com/mugs/nhl/20252026/SEA/8475831.png
8476899,Matt Murray,Matt Murray,G,,SEA,Seattle Kraken,https://assets.nhle.com/mugs/nhl/20252026/SEA/8476899.png
8474150,Mikael Backlund,Mikael Backlund,F,,CGY,Calgary Flames,https://assets.nhle.com/mugs/nhl/20252026/CGY/8474150.png
8481556,John Beecher,John Beecher,F,,CGY,Calgary Flames,https://assets.nhle.com/mugs/nhl/20252026/CGY/8481556.png
8476399,Blake Coleman,Blake Coleman,F,,CGY,Calgary Flames,https://assets.nhle.com/mugs/nhl/20252026/CGY/8476399.png
8482679,Matt Coronato,Matt Coronato,F,,CGY,Calgary Flames,https://assets.nhle.com/mugs/nhl/20252026/CGY/8482679.png
8480797,Joel Farabee,Joel Farabee,F,,CGY,Calgary Flames,https://assets.nhle.com/mugs/nhl/20252026/CGY/8480797.png
8480028,Morgan Frost,Morgan Frost,F,,CGY,Calgary Flames,https://assets.nhle.com/mugs/nhl/20252026/CGY/8480028.png
8484180,Samuel Honzek,Samuel Honzek,F,,CGY,Calgary Flames,https://assets.nhle.com/mugs/nhl/20252026/CGY/8484180.png
8476456,Jonathan Huberdeau,Jonathan Huberdeau,F,,CGY,Calgary Flames,https://assets.nhle.com/mugs/nhl/20252026/CGY/8476456.png
8478211,Dryden Hunt,Dryden Hunt,F,,CGY,Calgary Flames,https://assets.nhle.com/mugs/nhl/20252026/CGY/8478211.png
8475172,Nazem Kadri,Nazem Kadri,F,,CGY,Calgary Flames,https://assets.nhle.com/mugs/nhl/20252026/CGY/8475172.png
8483609,Adam Klapka,Adam Klapka,F,,CGY,Calgary Flames,https://assets.nhle.com/mugs/nhl/20252026/CGY/8483609.png
8479066,Ryan Lomberg,Ryan Lomberg,F,,CGY,Calgary Flames,https://assets.nhle.com/mugs/nhl/20252026/CGY/8479066.png
8481028,Martin Pospisil,Martin Pospisil,F,,CGY,Calgary Flames,https://assets.nhle.com/mugs/nhl/20252026/CGY/8481028.png
8481068,Yegor Sharangovich,Yegor Sharangovich,F,,CGY,Calgary Flames,https://assets.nhle.com/mugs/nhl/20252026/CGY/8481068.png
8482074,Connor Zary,Connor Zary,F,,CGY,Calgary Flames,https://assets.nhle.com/mugs/nhl/20252026/CGY/8482074.png
8478397,Rasmus Andersson,Rasmus Andersson,D,,CGY,Calgary Flames,https://assets.nhle.com/mugs/nhl/20252026/CGY/8478397.png
8480860,Kevin Bahl,Kevin Bahl,D,,CGY,Calgary Flames,https://assets.nhle.com/mugs/nhl/20252026/CGY/8480860.png
8479402,Jake Bean,Jake Bean,D,,CGY,Calgary Flames,https://assets.nhle.com/mugs/nhl/20252026/CGY/8479402.png
8484150,Hunter Brzustewicz,Hunter Brzustewicz,D,,CGY,Calgary Flames,https://assets.nhle.com/mugs/nhl/20252026/CGY/8484150.png
8477810,Joel Hanley,Joel Hanley,D,,CGY,Calgary Flames,https://assets.nhle.com/mugs/nhl/20252026/CGY/8477810.png
8482165,Yan Kuznetsov,Yan Kuznetsov,D,,CGY,Calgary Flames,https://assets.nhle.com/mugs/nhl/20252026/CGY/8482165.png
8481167,Brayden Pachal,Brayden Pachal,D,,CGY,Calgary Flames,https://assets.nhle.com/mugs/nhl/20252026/CGY/8481167.png
8477346,MacKenzie Weegar,MacKenzie Weegar,D,,CGY,Calgary Flames,https://assets.nhle.com/mugs/nhl/20252026/CGY/8477346.png
8482445,Devin Cooley,Devin Cooley,G,,CGY,Calgary Flames,https://assets.nhle.com/mugs/nhl/20252026/CGY/8482445.png
8481692,Dustin Wolf,Dustin Wolf,G,,CGY,Calgary Flames,https://assets.nhle.com/mugs/nhl/20252026/CGY/8481692.png
8478047,Michael Bunting,Michael Bunting,F,,NSH,Nashville Predators,https://assets.nhle.com/mugs/nhl/20252026/NSH/8478047.png
8482146,Luke Evangelista,Luke Evangelista,F,,NSH,Nashville Predators,https://assets.nhle.com/mugs/nhl/20252026/NSH/8482146.png
8476887,Filip Forsberg,Filip Forsberg,F,,NSH,Nashville Predators,https://assets.nhle.com/mugs/nhl/20252026/NSH/8476887.png
8475287,Erik Haula,Erik Haula,F,,NSH,Nashville Predators,https://assets.nhle.com/mugs/nhl/20252026/NSH/8475287.png
8479370,Tyson Jost,Tyson Jost,F,,NSH,Nashville Predators,https://assets.nhle.com/mugs/nhl/20252026/NSH/8479370.png
8476539,Jonathan Marchessault,Jonathan Marchessault,F,,NSH,Nashville Predators,https://assets.nhle.com/mugs/nhl/20252026/NSH/8476539.png
8477446,Michael McCarron,Michael McCarron,F,,NSH,Nashville Predators,https://assets.nhle.com/mugs/nhl/20252026/NSH/8477446.png
8475158,Ryan O'Reilly,Ryan O'Reilly,F,,NSH,Nashville Predators,https://assets.nhle.com/mugs/nhl/20252026/NSH/8475158.png
8483513,Reid Schaefer,Reid Schaefer,F,,NSH,Nashville Predators,https://assets.nhle.com/mugs/nhl/20252026/NSH/8483513.png
8482062,Cole Smith,Cole Smith,F,,NSH,Nashville Predators,https://assets.nhle.com/mugs/nhl/20252026/NSH/8482062.png
8474564,Steven Stamkos,Steven Stamkos,F,,NSH,Nashville Predators,https://assets.nhle.com/mugs/nhl/20252026/NSH/8474564.png
8482768,Fedor Svechkov,Fedor Svechkov,F,,NSH,Nashville Predators,https://assets.nhle.com/mugs/nhl/20252026/NSH/8482768.png
8482103,Ozzy Wiesblatt,Ozzy Wiesblatt,F,,NSH,Nashville Predators,https://assets.nhle.com/mugs/nhl/20252026/NSH/8482103.png
8484241,Matthew Wood,Matthew Wood,F,,NSH,Nashville Predators,https://assets.nhle.com/mugs/nhl/20252026/NSH/8484241.png
8482111,Justin Barron,Justin Barron,D,,NSH,Nashville Predators,https://assets.nhle.com/mugs/nhl/20252026/NSH/8482111.png
8483565,Nick Blankenburg,Nick Blankenburg,D,,NSH,Nashville Predators,https://assets.nhle.com/mugs/nhl/20252026/NSH/8483565.png
8479980,Nicolas Hague,Nicolas Hague,D,,NSH,Nashville Predators,https://assets.nhle.com/mugs/nhl/20252026/NSH/8479980.png
8474600,Roman Josi,Roman Josi,D,,NSH,Nashville Predators,https://assets.nhle.com/mugs/nhl/20252026/NSH/8474600.png
8480246,Nick Perbix,Nick Perbix,D,,NSH,Nashville Predators,https://assets.nhle.com/mugs/nhl/20252026/NSH/8480246.png
8476869,Brady Skjei,Brady Skjei,D,,NSH,Nashville Predators,https://assets.nhle.com/mugs/nhl/20252026/NSH/8476869.png
8482482,Adam Wilsby,Adam Wilsby,D,,NSH,Nashville Predators,https://assets.nhle.com/mugs/nhl/20252026/NSH/8482482.png
8481020,Justus Annunen,Justus Annunen,G,,NSH,Nashville Predators,https://assets.nhle.com/mugs/nhl/20252026/NSH/8481020.png
8477424,Juuse Saros,Juuse Saros,G,,NSH,Nashville Predators,https://assets.nhle.com/mugs/nhl/20252026/NSH/8477424.png
8482496,Nils Aman,Nils Aman,F,,VAN,Vancouver Canucks,https://assets.nhle.com/mugs/nhl/20252026/VAN/8482496.png
8483395,Arshdeep Bains,Arshdeep Bains,F,,VAN,Vancouver Canucks,https://assets.nhle.com/mugs/nhl/20252026/VAN/8483395.png
8476927,Teddy Blueger,Teddy Blueger,F,,VAN,Vancouver Canucks,https://assets.nhle.com/mugs/nhl/20252026/VAN/8476927.png
8478444,Brock Boeser,Brock Boeser,F,,VAN,Vancouver Canucks,https://assets.nhle.com/mugs/nhl/20252026/VAN/8478444.png
8480078,Filip Chytil,Filip Chytil,F,,VAN,Vancouver Canucks,https://assets.nhle.com/mugs/nhl/20252026/VAN/8480078.png
8478498,Jake DeBrusk,Jake DeBrusk,F,,VAN,Vancouver Canucks,https://assets.nhle.com/mugs/nhl/20252026/VAN/8478498.png
8478856,Conor Garland,Conor Garland,F,,VAN,Vancouver Canucks,https://assets.nhle.com/mugs/nhl/20252026/VAN/8478856.png
8481535,Nils Hoglander,Nils Hoglander,F,,VAN,Vancouver Canucks,https://assets.nhle.com/mugs/nhl/20252026/VAN/8481535.png
8480144,David Kampf,David Kampf,F,,VAN,Vancouver Canucks,https://assets.nhle.com/mugs/nhl/20252026/VAN/8480144.png
8475169,Evander Kane,Evander Kane,F,,VAN,Vancouver Canucks,https://assets.nhle.com/mugs/nhl/20252026/VAN/8475169.png
8481024,Linus Karlsson,Linus Karlsson,F,,VAN,Vancouver Canucks,https://assets.nhle.com/mugs/nhl/20252026/VAN/8481024.png
8482055,Drew O'Connor,Drew O'Connor,F,,VAN,Vancouver Canucks,https://assets.nhle.com/mugs/nhl/20252026/VAN/8482055.png
8483499,Liam Ohgren,Liam Ohgren,F,,VAN,Vancouver Canucks,https://assets.nhle.com/mugs/nhl/20252026/VAN/8483499.png
8480012,Elias Pettersson,Elias Pettersson,F,,VAN,Vancouver Canucks,https://assets.nhle.com/mugs/nhl/20252026/VAN/8480012.png
8482691,Aatu Raty,Aatu Raty,F,,VAN,Vancouver Canucks,https://assets.nhle.com/mugs/nhl/20252026/VAN/8482691.png
8482079,Marco Rossi,Marco Rossi,F,,VAN,Vancouver Canucks,https://assets.nhle.com/mugs/nhl/20252026/VAN/8482079.png
8484136,Max Sasson,Max Sasson,F,,VAN,Vancouver Canucks,https://assets.nhle.com/mugs/nhl/20252026/VAN/8484136.png
8480748,Kiefer Sherwood,Kiefer Sherwood,F,,VAN,Vancouver Canucks,https://assets.nhle.com/mugs/nhl/20252026/VAN/8480748.png
8484798,Zeev Buium,Zeev Buium,D,,VAN,Vancouver Canucks,https://assets.nhle.com/mugs/nhl/20252026/VAN/8484798.png
8475762,Derek Forbort,Derek Forbort,D,,VAN,Vancouver Canucks,https://assets.nhle.com/mugs/nhl/20252026/VAN/8475762.png
8479425,Filip Hronek,Filip Hronek,D,,VAN,Vancouver Canucks,https://assets.nhle.com/mugs/nhl/20252026/VAN/8479425.png
8480058,P.O Joseph,P.O Joseph,D,,VAN,Vancouver Canucks,https://assets.nhle.com/mugs/nhl/20252026/VAN/8480058.png
8474574,Tyler Myers,Tyler Myers,D,,VAN,Vancouver Canucks,https://assets.nhle.com/mugs/nhl/20252026/VAN/8474574.png
8483678,Elias Pettersson,Elias Pettersson,D,,VAN,Vancouver Canucks,https://assets.nhle.com/mugs/nhl/20252026/VAN/8483678.png
8477969,Marcus Pettersson,Marcus Pettersson,D,,VAN,Vancouver Canucks,https://assets.nhle.com/mugs/nhl/20252026/VAN/8477969.png
8484240,Tom Willander,Tom Willander,D,,VAN,Vancouver Canucks,https://assets.nhle.com/mugs/nhl/20252026/VAN/8484240.png
8477967,Thatcher Demko,Thatcher Demko,G,,VAN,Vancouver Canucks,https://assets.nhle.com/mugs/nhl/20252026/VAN/8477967.png
8480947,Kevin Lankinen,Kevin Lankinen,G,,VAN,Vancouver Canucks,https://assets.nhle.com/mugs/nhl/20252026/VAN/8480947.png
